date,open,high,low,close,volume
2009-04-20,2.07,2.28,2.03,2.27,2079300
2009-04-21,2.25,2.3,2.1,2.3,769000
2009-04-22,2.4,2.4,2.4,2.4,424400
2009-04-23,2.56,2.56,2.56,2.56,682600
2009-04-24,2.68,2.71,2.4,2.52,2011700
2009-04-27,2.37,2.61,2.37,2.58,1312000
2009-04-28,2.53,2.59,2.46,2.58,1034100
2009-04-29,2.58,2.58,2.53,2.55,931300
2009-05-04,2.7,2.74,2.65,2.74,2145900
2009-05-05,2.92,2.92,2.83,2.89,1739600
2009-05-06,2.83,3.01,2.73,2.74,814900
2009-05-07,2.95,2.98,2.79,2.94,1194800
2009-05-08,2.91,2.91,2.71,2.8,1997000
2009-05-11,2.86,2.86,2.7,2.76,1146500
2009-05-12,2.76,2.8,2.65,2.77,1145200
2009-05-13,2.79,2.83,2.74,2.77,792100
2009-05-14,2.65,2.73,2.59,2.71,646100
2009-05-15,2.76,2.85,2.68,2.85,1343100
2009-05-18,2.85,2.85,2.79,2.82,1406100
2009-05-19,3.01,3.01,2.86,3.01,2239500
2009-05-20,3.15,3.19,3.01,3.18,1583300
2009-05-21,3.21,3.34,3.12,3.34,1642400
2009-05-22,3.38,3.43,3.13,3.28,1236700
2009-05-25,3.4,3.47,3.13,3.47,1349900
2009-05-26,3.68,3.68,3.47,3.67,1455100
2009-05-27,3.73,3.77,3.58,3.67,1309300
2009-05-28,3.65,3.65,3.46,3.47,1379400
2009-05-29,3.56,3.76,3.52,3.76,2490700
2009-06-01,4.0,4.0,3.88,4.0,794400
2009-06-02,4.26,4.26,4.25,4.26,1299400
2009-06-03,4.47,4.56,4.26,4.56,1870100
2009-06-04,4.46,4.76,4.46,4.76,1375000
2009-06-05,5.05,5.05,5.04,5.05,1878000
2009-06-08,5.4,5.4,5.35,5.4,1800100
2009-06-09,5.75,5.77,5.37,5.77,2388300
2009-06-10,5.96,5.96,5.28,5.65,2480500
2009-06-11,5.59,5.89,5.44,5.89,1969600
2009-06-12,5.89,6.2,5.66,5.81,1751300
2009-06-15,5.89,6.04,5.55,6.04,3651900
2009-06-16,5.72,5.89,5.34,5.34,1204400
2009-06-17,5.07,5.52,5.07,5.44,1894700
2009-06-18,5.37,5.52,5.17,5.32,1071600
2009-06-19,5.44,5.52,5.2,5.23,782500
2009-06-22,5.34,5.34,4.96,4.96,225300
2009-06-23,4.64,4.64,4.64,4.64,46200
2009-06-24,4.32,4.95,4.32,4.95,1644400
2009-06-25,5.07,5.07,4.62,4.76,983400
2009-06-26,4.96,4.96,4.65,4.87,880500
2009-06-29,4.92,4.92,4.77,4.89,622800
2009-06-30,4.92,5.14,4.62,4.77,655200
2009-07-01,4.62,4.7,4.58,4.58,919900
2009-07-02,4.47,4.79,4.32,4.62,846800
2009-07-03,4.56,4.56,4.32,4.53,539000
2009-07-06,4.62,4.8,4.61,4.8,801500
2009-07-07,4.99,5.04,4.77,4.8,516900
2009-07-08,4.77,4.82,4.65,4.76,325900
2009-07-09,4.76,4.83,4.7,4.71,287700
2009-07-10,4.82,5.08,4.82,5.08,3817100
2009-07-13,5.37,5.4,5.31,5.31,3283100
2009-07-14,5.4,5.52,4.99,5.07,840400
2009-07-15,5.07,5.55,4.92,5.31,1092800
2009-07-16,5.52,5.52,5.19,5.28,354700
2009-07-17,5.4,5.4,4.98,4.99,321500
2009-07-20,4.99,4.99,4.74,4.76,261600
2009-07-21,4.76,4.9,4.64,4.77,349900
2009-07-22,4.86,4.89,4.62,4.83,333600
2009-07-23,4.86,5.13,4.74,5.13,645100
2009-07-24,5.32,5.32,5.22,5.32,1230600
2009-07-27,5.68,5.68,5.37,5.62,1534400
2009-07-28,5.74,5.74,5.22,5.28,1076100
2009-07-29,5.16,5.52,5.14,5.22,783300
2009-07-30,5.08,5.32,4.98,5.07,825300
2009-07-31,5.14,5.29,5.1,5.16,930300
2009-08-03,5.34,5.34,5.02,5.02,546300
2009-08-04,5.22,5.32,5.1,5.17,656700
2009-08-05,5.17,5.28,5.08,5.13,664000
2009-08-06,5.13,5.13,4.84,4.89,2494700
2009-08-07,4.77,4.82,4.65,4.67,3247700
2009-08-10,4.67,5.02,4.62,4.83,2357600
2009-08-11,4.92,4.96,4.76,4.8,1410500
2009-08-12,4.8,4.84,4.73,4.73,2612700
2009-08-13,4.86,5.04,4.74,4.8,2578700
2009-08-14,4.82,4.89,4.7,4.77,2337000
2009-08-17,4.76,4.79,4.62,4.7,1432100
2009-08-18,4.68,4.68,4.55,4.62,1680800
2009-08-19,4.62,4.7,4.59,4.64,1380300
2009-08-20,4.7,4.7,4.59,4.62,1150200
2009-08-21,4.68,4.9,4.62,4.74,2648100
2009-08-24,4.84,4.84,4.7,4.76,1421100
2009-08-25,4.76,4.77,4.67,4.67,742300
2009-08-26,4.65,4.7,4.62,4.65,1364400
2009-08-27,4.64,4.7,4.56,4.61,1464100
2009-08-28,4.5,4.68,4.5,4.68,1443400
2009-08-31,4.76,4.8,4.7,4.8,2739800
2009-09-01,4.74,4.82,4.7,4.73,1491600
2009-09-03,4.74,4.74,4.61,4.62,1306100
2009-09-04,4.64,4.67,4.5,4.55,1074500
2009-09-07,4.58,4.58,4.32,4.46,1331100
2009-09-08,4.47,4.58,4.44,4.53,912200
2009-09-09,4.55,4.56,4.41,4.47,742800
2009-09-10,4.47,4.47,4.4,4.46,1159200
2009-09-11,4.47,4.74,4.46,4.73,2935200
2009-09-14,4.7,4.73,4.59,4.67,1048700
2009-09-15,4.65,4.7,4.55,4.7,2452400
2009-09-16,4.7,4.86,4.7,4.83,3234400
2009-09-17,4.84,4.9,4.8,4.8,3470300
2009-09-18,4.84,4.84,4.7,4.83,2891100
2009-09-21,4.84,4.89,4.7,4.8,1552300
2009-09-22,4.76,4.77,4.68,4.71,2781600
2009-09-23,4.77,4.87,4.67,4.71,2618800
2009-09-24,4.7,4.8,4.64,4.68,1774800
2009-09-25,4.62,4.77,4.62,4.74,2497700
2009-09-28,4.84,4.92,4.74,4.79,2409500
2009-09-29,4.92,4.98,4.7,4.73,1918700
2009-09-30,4.77,4.82,4.62,4.64,1597800
2009-10-01,4.67,4.68,4.49,4.53,1279900
2009-10-02,4.47,4.47,4.25,4.41,2478500
2009-10-05,4.4,4.55,4.29,4.32,970700
2009-10-06,4.4,4.49,4.31,4.34,1294000
2009-10-07,4.47,4.47,4.31,4.38,1342100
2009-10-08,4.4,4.43,4.32,4.37,1197600
2009-10-09,4.4,4.44,4.35,4.4,2127900
2009-10-12,4.7,4.7,4.43,4.61,3287500
2009-10-13,4.84,4.84,4.77,4.84,7036700
2009-10-14,5.17,5.17,4.84,5.13,4704900
2009-10-15,5.37,5.37,5.07,5.14,3038500
2009-10-16,5.19,5.19,4.84,4.84,3546600
2009-10-19,4.82,4.82,4.62,4.7,3368900
2009-10-20,4.77,4.9,4.61,4.7,2691500
2009-10-21,4.73,4.83,4.59,4.65,2465500
2009-10-22,4.73,4.76,4.62,4.68,1908700
2009-10-23,4.7,4.84,4.62,4.68,3749500
2009-10-26,4.74,4.74,4.55,4.55,1646400
2009-10-27,4.32,4.52,4.32,4.37,3564900
2009-10-28,4.47,4.53,4.37,4.41,2244900
2009-10-29,4.4,4.4,4.14,4.25,2252500
2009-10-30,4.52,4.52,4.25,4.31,2190500
2009-11-02,4.22,4.22,4.04,4.04,1300900
2009-11-03,4.1,4.1,3.79,3.82,1726500
2009-11-04,3.62,4.14,3.62,4.07,3431200
2009-11-05,4.1,4.2,4.03,4.2,2765400
2009-11-06,4.4,4.46,4.19,4.23,2029400
2009-11-09,4.31,4.32,4.08,4.08,1449000
2009-11-10,4.14,4.23,3.88,4.01,1043200
2009-11-11,4.05,4.17,4.01,4.13,1651500
2009-11-12,4.25,4.29,4.11,4.14,1270000
2009-11-13,4.13,4.13,4.03,4.07,1384200
2009-11-16,4.03,4.23,4.03,4.19,2247700
2009-11-17,4.17,4.31,4.1,4.13,774800
2009-11-18,4.16,4.2,4.07,4.13,1257900
2009-11-19,4.13,4.14,4.1,4.13,904900
2009-11-20,4.13,4.2,4.01,4.1,846500
2009-11-23,4.13,4.16,3.95,4.0,579300
2009-11-24,4.05,4.08,3.82,3.86,764700
2009-11-25,3.8,3.97,3.68,3.68,477300
2009-11-26,3.5,3.52,3.5,3.5,185700
2009-11-27,3.26,3.73,3.26,3.56,2234000
2009-11-30,3.58,3.76,3.58,3.76,1403500
2009-12-01,3.73,3.97,3.73,3.97,609900
2009-12-02,4.19,4.19,3.71,3.77,975500
2009-12-03,3.85,3.91,3.68,3.74,1010700
2009-12-04,3.76,3.85,3.68,3.73,424500
2009-12-07,3.76,3.76,3.65,3.67,328900
2009-12-08,3.73,3.73,3.46,3.49,461300
2009-12-09,3.4,3.4,3.28,3.28,1050000
2009-12-10,3.28,3.41,3.13,3.26,553900
2009-12-11,3.28,3.28,3.06,3.13,867600
2009-12-14,3.12,3.32,3.1,3.32,660400
2009-12-15,3.5,3.52,3.29,3.29,386000
2009-12-16,3.37,3.37,3.15,3.15,501500
2009-12-17,3.16,3.21,2.97,3.15,565000
2009-12-18,3.13,3.28,3.1,3.28,695900
2009-12-21,3.41,3.49,3.29,3.49,1185100
2009-12-22,3.5,3.5,3.29,3.32,505900
2009-12-23,3.37,3.38,3.21,3.35,390600
2009-12-24,3.28,3.4,3.22,3.37,731900
2009-12-25,3.41,3.46,3.32,3.43,1225000
2009-12-28,3.53,3.53,3.28,3.29,455700
2009-12-29,3.32,3.32,3.16,3.18,532800
2009-12-30,3.22,3.26,3.13,3.25,792700
2009-12-31,3.25,3.37,3.22,3.26,687100
2010-01-04,3.28,3.5,3.22,3.5,930000
2010-01-05,3.58,3.68,3.58,3.68,1685500
2010-01-06,3.7,3.88,3.61,3.73,1843700
2010-01-07,3.73,3.82,3.67,3.71,1047000
2010-01-08,3.73,3.98,3.65,3.76,1086400
2010-01-11,3.86,3.95,3.65,3.65,646900
2010-01-12,3.71,3.71,3.44,3.47,723300
2010-01-13,3.43,3.71,3.4,3.62,854200
2010-01-14,3.28,3.58,3.28,3.55,1040200
2010-01-15,3.43,3.43,3.37,3.37,224000
2010-01-18,3.37,3.37,3.22,3.26,677200
2010-01-19,3.25,3.31,3.25,3.28,366100
2010-01-20,3.29,3.34,3.21,3.28,425100
2010-01-21,3.28,3.28,3.06,3.12,317900
2010-01-22,3.12,3.21,3.07,3.16,458800
2010-01-25,3.18,3.18,3.1,3.16,364900
2010-01-26,3.18,3.34,3.18,3.34,677600
2010-01-27,3.46,3.46,3.13,3.18,385900
2010-01-28,3.21,3.22,3.18,3.21,676900
2010-01-29,3.21,3.23,3.18,3.22,347600
2010-02-01,3.21,3.22,3.19,3.21,274100
2010-02-02,3.21,3.22,3.18,3.21,401900
2010-02-03,3.21,3.22,3.18,3.21,435500
2010-02-04,3.21,3.22,3.19,3.22,315100
2010-02-05,3.21,3.22,3.18,3.19,695600
2010-02-08,3.13,3.22,3.13,3.22,502300
2010-02-09,3.21,3.22,3.18,3.21,454000
2010-02-10,3.21,3.28,3.19,3.21,117000
2010-02-11,3.25,3.34,3.21,3.31,370300
2010-02-12,3.28,3.4,3.26,3.29,177400
2010-02-22,3.43,3.43,3.31,3.35,171500
2010-02-23,3.35,3.37,3.21,3.22,136600
2010-02-24,3.21,3.28,3.16,3.25,492100
2010-02-25,3.34,3.34,3.18,3.22,651000
2010-02-26,3.28,3.28,3.21,3.26,824400
2010-03-01,3.28,3.31,3.25,3.26,463300
2010-03-02,3.23,3.28,3.23,3.23,526800
2010-03-03,3.26,3.29,3.23,3.29,601400
2010-03-04,3.28,3.35,3.25,3.25,341100
2010-03-05,3.28,3.31,3.25,3.28,622500
2010-03-08,3.28,3.31,3.26,3.31,532000
2010-03-09,3.32,3.32,3.28,3.28,422000
2010-03-10,3.28,3.29,3.23,3.25,292100
2010-03-11,3.26,3.26,3.22,3.23,247000
2010-03-12,3.26,3.26,3.22,3.25,300400
2010-03-15,3.28,3.34,3.25,3.26,505400
2010-03-16,3.31,3.31,3.18,3.21,382900
2010-03-17,3.21,3.22,3.13,3.16,387500
2010-03-18,3.13,3.19,3.12,3.16,303500
2010-03-19,3.16,3.19,3.12,3.15,342400
2010-03-22,3.15,3.15,3.09,3.13,205700
2010-03-23,3.12,3.13,3.06,3.07,262200
2010-03-24,3.1,3.1,3.06,3.1,221700
2010-03-25,3.07,3.07,3.0,3.01,347300
2010-03-26,3.06,3.06,2.97,3.03,325200
2010-03-29,2.98,3.03,2.97,2.98,292300
2010-03-30,2.98,2.98,2.95,2.97,257000
2010-03-31,2.95,3.01,2.91,2.92,169300
2010-04-01,2.91,3.01,2.91,3.0,338200
2010-04-02,2.98,3.06,2.95,2.97,179300
2010-04-05,3.0,3.03,2.97,3.0,333100
2010-04-06,2.98,2.98,2.94,2.95,196200
2010-04-07,2.97,3.0,2.92,2.94,214000
2010-04-08,2.95,2.95,2.92,2.92,241300
2010-04-09,2.92,2.94,2.89,2.91,307400
2010-04-12,2.92,2.97,2.82,2.97,835300
2010-04-13,3.1,3.1,2.91,2.98,728000
2010-04-14,2.95,2.98,2.89,2.95,285600
2010-04-15,2.98,2.98,2.92,2.95,256900
2010-04-16,2.95,2.98,2.91,2.91,207700
2010-04-19,2.92,2.92,2.88,2.89,193600
2010-04-20,2.82,2.89,2.82,2.83,348900
2010-04-21,2.85,2.86,2.82,2.83,414000
2010-04-22,2.83,3.01,2.82,2.98,533700
2010-04-26,2.98,3.13,2.95,2.95,300200
2010-04-27,2.98,3.0,2.92,2.92,197100
2010-04-28,2.94,2.94,2.88,2.91,193300
2010-04-29,2.89,2.91,2.86,2.88,349300
2010-05-04,2.92,3.07,2.92,3.07,902000
2010-05-05,3.03,3.21,2.98,3.09,990100
2010-05-06,3.1,3.13,3.03,3.09,644900
2010-05-07,3.18,3.18,2.95,3.01,565900
2010-05-10,3.01,3.04,2.92,2.95,444900
2010-05-11,2.98,3.04,2.92,2.92,361100
2010-05-12,2.98,2.98,2.82,2.85,450400
2010-05-13,2.85,2.89,2.82,2.82,297600
2010-05-14,2.85,2.86,2.82,2.83,207700
2010-05-17,2.83,2.85,2.76,2.77,313200
2010-05-18,2.77,2.77,2.7,2.71,257900
2010-05-19,2.7,2.71,2.55,2.55,352200
2010-05-20,2.61,2.79,2.5,2.79,1033800
2010-05-21,2.88,2.88,2.58,2.64,418700
2010-05-24,2.74,2.79,2.68,2.77,381000
2010-05-25,2.76,2.76,2.68,2.76,248400
2010-05-26,2.68,2.76,2.67,2.76,316400
2010-05-27,2.83,2.83,2.68,2.71,222000
2010-05-28,2.7,2.88,2.7,2.88,1064600
2010-05-31,2.98,2.98,2.77,2.79,189000
2010-06-01,2.83,2.83,2.76,2.8,181100
2010-06-02,2.76,2.77,2.74,2.74,114100
2010-06-03,2.83,2.83,2.74,2.83,316000
2010-06-04,2.8,2.83,2.74,2.8,306900
2010-06-07,2.97,2.97,2.68,2.73,283900
2010-06-08,2.71,2.8,2.71,2.74,227000
2010-06-09,2.79,2.82,2.74,2.76,113100
2010-06-10,2.76,2.76,2.73,2.74,170000
2010-06-11,2.8,2.8,2.74,2.74,119800
2010-06-14,2.77,2.77,2.71,2.74,109400
2010-06-15,2.76,2.79,2.7,2.71,150000
2010-06-16,2.76,2.83,2.76,2.8,359400
2010-06-17,2.83,2.83,2.74,2.8,349200
2010-06-18,2.82,2.82,2.74,2.8,803300
2010-06-21,2.79,2.97,2.79,2.97,782200
2010-06-22,3.06,3.06,2.95,2.95,426500
2010-06-23,2.99,2.99,2.93,2.97,191000
2010-06-24,2.97,2.97,2.9,2.91,319900
2010-06-25,2.91,2.91,2.84,2.9,356100
2010-06-28,2.88,2.88,2.82,2.86,237300
2010-06-29,2.88,2.88,2.82,2.88,293200
2010-06-30,2.84,2.88,2.79,2.82,150500
2010-07-01,2.82,2.86,2.79,2.81,165300
2010-07-02,2.81,2.86,2.79,2.81,78300
2010-07-05,2.81,2.81,2.77,2.79,148500
2010-07-06,2.73,2.82,2.7,2.82,356500
2010-07-07,2.77,2.86,2.73,2.79,156900
2010-07-08,2.79,2.84,2.77,2.79,244600
2010-07-09,2.81,2.81,2.77,2.79,182900
2010-07-12,2.82,2.82,2.73,2.79,150500
2010-07-13,2.79,2.86,2.77,2.82,589700
2010-07-14,2.88,2.91,2.84,2.84,268600
2010-07-15,2.84,2.86,2.81,2.82,186600
2010-07-16,2.81,2.86,2.81,2.84,282700
2010-07-19,2.79,2.84,2.79,2.82,215900
2010-07-20,2.81,2.82,2.81,2.82,423400
2010-07-21,2.82,2.82,2.77,2.79,97600
2010-07-22,2.79,2.79,2.77,2.79,146800
2010-07-23,2.73,2.81,2.73,2.79,328700
2010-07-26,2.77,2.79,2.73,2.75,141400
2010-07-27,2.75,2.77,2.72,2.72,94400
2010-07-28,2.73,2.73,2.68,2.68,178700
2010-07-29,2.68,2.72,2.68,2.7,177600
2010-07-30,2.72,2.72,2.68,2.68,202300
2010-08-02,2.7,2.7,2.55,2.66,212900
2010-08-03,2.68,2.73,2.68,2.68,452700
2010-08-04,2.7,2.73,2.63,2.64,101800
2010-08-05,2.7,2.7,2.61,2.61,482700
2010-08-06,2.68,2.72,2.59,2.59,389300
2010-08-09,2.66,2.7,2.55,2.63,1046500
2010-08-10,2.66,2.68,2.5,2.57,399800
2010-08-11,2.59,2.64,2.5,2.54,245600
2010-08-12,2.55,2.59,2.41,2.43,238600
2010-08-13,2.48,2.55,2.39,2.46,568900
2010-08-16,2.5,2.54,2.43,2.52,682600
2010-08-17,2.48,2.54,2.43,2.45,317700
2010-08-18,2.5,2.5,2.37,2.41,537000
2010-08-19,2.48,2.48,2.36,2.39,580500
2010-08-20,2.43,2.43,2.32,2.34,479900
2010-08-23,2.34,2.39,2.3,2.3,337300
2010-08-24,2.32,2.32,2.21,2.23,214400
2010-08-25,2.12,2.36,2.12,2.18,615700
2010-08-26,2.25,2.34,2.21,2.25,499800
2010-08-27,2.27,2.3,2.19,2.25,355500
2010-08-30,2.3,2.39,2.27,2.39,815800
2010-08-31,2.39,2.43,2.34,2.37,365600
2010-09-01,2.39,2.41,2.32,2.36,348000
2010-09-06,2.36,2.41,2.34,2.36,662100
2010-09-07,2.37,2.39,2.3,2.3,308800
2010-09-08,2.3,2.3,2.23,2.25,177500
2010-09-09,2.25,2.32,2.25,2.28,264600
2010-09-10,2.32,2.32,2.21,2.25,253400
2010-09-13,2.27,2.28,2.19,2.21,223900
2010-09-14,2.25,2.25,2.14,2.18,463900
2010-09-15,2.19,2.21,2.09,2.12,593200
2010-09-16,2.19,2.19,2.09,2.12,587100
2010-09-17,2.14,2.14,2.07,2.1,1043900
2010-09-20,2.14,2.16,2.09,2.12,348900
2010-09-21,2.14,2.14,2.1,2.12,208100
2010-09-22,2.12,2.14,2.1,2.12,187000
2010-09-23,2.12,2.14,2.09,2.1,253600
2010-09-24,2.12,2.14,2.1,2.12,392700
2010-09-27,2.12,2.14,2.09,2.12,242600
2010-09-28,2.14,2.19,2.12,2.14,319800
2010-09-29,2.16,2.16,2.09,2.09,105900
2010-09-30,2.1,2.1,2.09,2.1,184900
2010-10-01,2.1,2.12,2.09,2.1,191900
2010-10-04,2.1,2.12,2.01,2.01,262700
2010-10-05,2.07,2.09,2.01,2.05,199000
2010-10-06,2.09,2.1,2.03,2.07,200500
2010-10-07,2.09,2.1,2.05,2.05,105300
2010-10-08,2.07,2.1,2.05,2.07,275200
2010-10-11,2.09,2.1,1.98,2.01,191300
2010-10-12,2.05,2.09,2.01,2.03,301000
2010-10-13,2.07,2.07,2.03,2.05,227300
2010-10-14,2.07,2.09,2.05,2.07,396300
2010-10-15,2.07,2.1,2.07,2.1,632500
2010-10-18,2.1,2.16,2.1,2.16,342500
2010-10-19,2.16,2.18,2.12,2.14,323300
2010-10-20,2.16,2.16,2.05,2.09,280400
2010-10-21,2.12,2.16,2.03,2.08,218900
2010-10-22,2.1,2.14,2.03,2.1,332100
2010-10-25,2.1,2.1,2.05,2.08,249500
2010-10-26,2.1,2.12,2.08,2.1,216900
2010-10-27,2.12,2.14,2.05,2.07,295500
2010-10-28,2.1,2.12,2.05,2.1,253100
2010-10-29,2.05,2.1,2.05,2.1,275600
2010-11-01,2.08,2.1,2.05,2.07,410600
2010-11-02,2.1,2.12,2.08,2.08,203500
2010-11-03,2.1,2.12,2.08,2.08,134100
2010-11-04,2.08,2.12,2.07,2.08,137800
2010-11-05,2.08,2.12,2.08,2.12,225100
2010-11-08,2.12,2.14,2.08,2.1,152600
2010-11-09,2.12,2.12,2.05,2.05,131200
2010-11-10,2.1,2.1,2.07,2.08,168400
2010-11-11,2.1,2.14,2.05,2.07,274800
2010-11-12,2.07,2.1,1.99,1.99,298000
2010-11-15,2.01,2.08,1.93,1.93,214100
2010-11-16,2.01,2.05,1.93,1.93,216800
2010-11-17,1.99,1.99,1.93,1.93,149600
2010-11-18,1.95,1.99,1.95,1.97,284800
2010-11-19,1.99,1.99,1.93,1.95,153800
2010-11-22,1.97,1.97,1.91,1.95,162900
2010-11-23,1.95,1.97,1.93,1.95,226800
2010-11-24,1.95,1.99,1.93,1.93,326600
2010-11-25,1.95,1.99,1.93,1.93,402200
2010-11-26,1.97,1.99,1.93,1.93,338700
2010-11-29,1.97,2.01,1.93,2.01,350000
2010-11-30,2.01,2.1,1.99,2.1,631700
2010-12-01,2.1,2.18,2.03,2.05,420200
2010-12-02,1.99,2.12,1.99,2.1,440000
2010-12-03,2.14,2.22,2.14,2.22,660100
2010-12-06,2.37,2.37,2.28,2.36,1485300
2010-12-07,2.41,2.41,2.26,2.26,494600
2010-12-08,2.26,2.26,2.18,2.18,377900
2010-12-09,2.12,2.26,2.1,2.24,669600
2010-12-10,2.22,2.32,2.2,2.3,808300
2010-12-13,2.32,2.41,2.32,2.41,481300
2010-12-14,2.57,2.57,2.51,2.57,5401100
2010-12-15,2.66,2.74,2.57,2.74,5497900
2010-12-16,2.92,2.92,2.57,2.57,2415400
2010-12-17,2.61,2.76,2.55,2.76,2116600
2010-12-20,2.86,2.88,2.59,2.61,1723500
2010-12-21,2.66,2.66,2.51,2.53,1622100
2010-12-22,2.53,2.63,2.43,2.47,633700
2010-12-23,2.51,2.51,2.36,2.37,782800
2010-12-24,2.37,2.41,2.32,2.34,575300
2010-12-27,2.36,2.39,2.32,2.34,199700
2010-12-28,2.36,2.41,2.32,2.39,463000
2010-12-29,2.39,2.41,2.28,2.32,823400
2010-12-30,2.41,2.41,2.24,2.3,733800
2010-12-31,2.32,2.36,2.28,2.36,615800
2011-01-04,2.37,2.37,2.32,2.32,394500
2011-01-05,2.34,2.34,2.22,2.24,309700
2011-01-06,2.26,2.28,2.2,2.22,280100
2011-01-07,2.22,2.24,2.18,2.2,314200
2011-01-10,2.2,2.22,2.12,2.12,569000
2011-01-11,2.12,2.16,2.08,2.08,563300
2011-01-12,2.1,2.16,2.1,2.12,252400
2011-01-13,2.16,2.18,2.12,2.16,318600
2011-01-14,2.2,2.2,2.12,2.16,232500
2011-01-17,2.16,2.24,2.16,2.2,390000
2011-01-18,2.24,2.24,2.14,2.16,228500
2011-01-19,2.16,2.18,2.12,2.14,143000
2011-01-20,2.22,2.22,2.12,2.14,241100
2011-01-21,2.14,2.3,2.12,2.24,926700
2011-01-24,2.24,2.24,2.16,2.16,314300
2011-01-25,2.16,2.18,2.08,2.14,335800
2011-01-26,2.1,2.18,2.07,2.16,144500
2011-01-27,2.18,2.18,2.14,2.18,230200
2011-01-28,2.14,2.22,2.14,2.16,343400
2011-02-08,2.16,2.22,2.16,2.18,157400
2011-02-09,2.22,2.24,2.18,2.2,286900
2011-02-10,2.2,2.2,2.16,2.18,224300
2011-02-11,2.16,2.18,2.14,2.16,118600
2011-02-14,2.18,2.18,2.14,2.14,337100
2011-02-15,2.16,2.16,2.1,2.1,506800
2011-02-16,2.12,2.14,2.08,2.1,462300
2011-02-17,2.08,2.1,2.07,2.08,365400
2011-02-18,2.08,2.08,2.07,2.08,471400
2011-02-21,2.07,2.07,1.95,1.97,1332600
2011-02-22,1.93,1.99,1.93,1.97,540400
2011-02-23,1.97,2.03,1.95,2.01,307400
2011-02-24,1.99,2.01,1.95,1.99,727000
2011-02-25,2.01,2.01,1.97,2.01,232900
2011-02-28,1.99,2.01,1.97,1.97,371100
2011-03-01,1.97,1.97,1.95,1.97,236300
2011-03-02,1.97,1.97,1.85,1.87,474100
2011-03-03,1.91,1.95,1.87,1.87,454800
2011-03-04,1.89,1.93,1.89,1.91,384800
2011-03-07,1.93,1.95,1.89,1.91,526400
2011-03-08,1.93,1.95,1.91,1.91,401800
2011-03-09,1.89,2.01,1.89,1.89,790000
2011-03-10,1.95,1.99,1.93,1.99,778700
2011-03-11,2.03,2.07,1.99,2.07,452100
2011-03-14,2.05,2.07,1.91,1.93,253900
2011-03-15,1.95,1.97,1.91,1.93,211100
2011-03-16,1.93,1.93,1.89,1.91,191600
2011-03-17,1.93,1.95,1.89,1.91,215400
2011-03-18,1.91,1.95,1.89,1.95,447600
2011-03-21,1.95,1.97,1.91,1.91,297900
2011-03-22,1.93,1.93,1.89,1.89,233700
2011-03-23,1.78,1.91,1.78,1.89,307100
2011-03-24,1.89,1.89,1.87,1.87,99500
2011-03-25,1.87,1.89,1.87,1.87,260600
2011-03-28,1.89,1.95,1.87,1.87,188400
2011-03-29,1.87,1.89,1.85,1.87,264200
2011-03-30,1.85,1.87,1.83,1.85,319200
2011-03-31,1.85,1.91,1.85,1.85,177100
2011-04-01,1.85,1.89,1.85,1.85,126500
2011-04-04,1.87,1.87,1.81,1.83,384100
2011-04-05,1.83,1.91,1.83,1.91,917000
2011-04-06,1.91,1.93,1.87,1.91,242500
2011-04-07,1.91,1.91,1.87,1.89,124800
2011-04-08,1.89,1.91,1.85,1.89,104500
2011-04-13,1.85,1.89,1.85,1.85,100400
2011-04-14,1.87,1.87,1.83,1.85,342500
2011-04-15,1.85,1.87,1.83,1.83,415600
2011-04-18,1.85,1.87,1.81,1.83,402200
2011-04-19,1.83,1.91,1.83,1.85,686800
2011-04-20,1.87,1.91,1.85,1.89,610600
2011-04-21,1.89,1.93,1.87,1.89,441300
2011-04-22,1.89,2.01,1.89,1.95,1092300
2011-04-25,1.91,2.03,1.91,1.99,1104100
2011-04-26,1.99,2.05,1.89,1.99,535800
2011-04-27,1.93,2.01,1.93,1.97,1294500
2011-04-28,2.01,2.03,1.95,1.97,1258400
2011-04-29,1.99,2.03,1.97,2.01,1580800
2011-05-04,1.99,2.05,1.97,2.01,511500
2011-05-05,2.01,2.03,1.95,1.97,541100
2011-05-06,1.97,1.99,1.93,1.95,471200
2011-05-09,1.97,1.99,1.93,1.95,683000
2011-05-10,1.97,1.97,1.93,1.95,433400
2011-05-11,2.02,2.04,1.96,2.0,538300
2011-05-12,2.02,2.08,1.98,2.02,617200
2011-05-13,2.02,2.04,1.98,2.02,257300
2011-05-16,2.02,2.04,1.94,1.98,525300
2011-05-17,2.0,2.04,1.92,1.96,509500
2011-05-18,1.98,2.02,1.92,1.92,595000
2011-05-19,1.94,1.96,1.86,1.88,1508100
2011-05-20,1.9,1.94,1.82,1.86,565400
2011-05-23,1.9,1.94,1.77,1.77,776000
2011-05-24,1.77,1.9,1.73,1.73,994500
2011-05-25,1.71,1.73,1.69,1.69,152100
2011-05-26,1.61,1.75,1.59,1.67,2627600
2011-05-27,1.69,1.75,1.65,1.65,1908800
2011-05-30,1.71,1.77,1.67,1.69,917900
2011-05-31,1.75,1.8,1.69,1.73,566000
2011-06-01,1.73,1.8,1.71,1.8,1093200
2011-06-02,1.77,1.9,1.77,1.88,1310400
2011-06-03,1.9,1.96,1.82,1.84,575800
2011-06-06,1.9,1.94,1.8,1.82,575500
2011-06-07,1.86,1.92,1.84,1.9,827600
2011-06-08,1.88,1.94,1.8,1.88,2372300
2011-06-09,1.86,1.9,1.84,1.88,530600
2011-06-10,1.88,1.92,1.86,1.86,637100
2011-06-13,1.9,1.92,1.84,1.86,391800
2011-06-14,1.88,1.92,1.82,1.84,659400
2011-06-15,1.86,1.86,1.75,1.77,402200
2011-06-16,1.77,1.82,1.75,1.8,573400
2011-06-17,1.82,1.86,1.75,1.75,407000
2011-06-20,1.8,1.84,1.69,1.73,537900
2011-06-21,1.75,1.8,1.73,1.73,600400
2011-06-22,1.75,1.8,1.73,1.73,292000
2011-06-23,1.77,1.82,1.71,1.71,414700
2011-06-24,1.73,1.77,1.71,1.73,301600
2011-06-27,1.71,1.73,1.69,1.71,478500
2011-06-28,1.69,1.73,1.67,1.67,289300
2011-06-29,1.69,1.73,1.65,1.69,799400
2011-06-30,1.67,1.73,1.67,1.69,483800
2011-07-01,1.71,1.73,1.65,1.69,439500
2011-07-04,1.69,1.73,1.65,1.69,442900
2011-07-05,1.71,1.73,1.69,1.71,433200
2011-07-06,1.73,1.73,1.69,1.71,207300
2011-07-07,1.69,1.71,1.67,1.69,114900
2011-07-08,1.69,1.71,1.65,1.69,312800
2011-07-11,1.69,1.71,1.65,1.67,227400
2011-07-12,1.69,1.69,1.63,1.67,521800
2011-07-13,1.65,1.67,1.61,1.63,331500
2011-07-14,1.63,1.67,1.61,1.67,705700
2011-07-15,1.63,1.67,1.63,1.63,384300
2011-07-18,1.63,1.67,1.61,1.63,577500
2011-07-19,1.63,1.67,1.61,1.61,363700
2011-07-20,1.63,1.65,1.61,1.65,241100
2011-07-21,1.65,1.69,1.63,1.65,688400
2011-07-22,1.67,1.69,1.63,1.63,499000
2011-07-25,1.65,1.67,1.61,1.65,663600
2011-07-26,1.65,1.65,1.61,1.63,368000
2011-07-27,1.65,1.65,1.61,1.65,472900
2011-07-28,1.65,1.65,1.61,1.65,434300
2011-07-29,1.63,1.65,1.61,1.61,589100
2011-08-01,1.63,1.63,1.57,1.59,718000
2011-08-02,1.59,1.59,1.51,1.51,714900
2011-08-03,1.53,1.57,1.44,1.44,2147900
2011-08-04,1.47,1.53,1.44,1.49,1826800
2011-08-05,1.4,1.57,1.4,1.47,1533300
2011-08-08,1.51,1.55,1.38,1.42,2090700
2011-08-09,1.44,1.51,1.36,1.4,1240500
2011-08-10,1.42,1.49,1.42,1.44,802300
2011-08-11,1.44,1.47,1.38,1.42,1171300
2011-08-12,1.42,1.44,1.36,1.42,2770200
2011-08-15,1.4,1.44,1.38,1.42,2115500
2011-08-16,1.38,1.42,1.36,1.42,950500
2011-08-17,1.4,1.47,1.4,1.44,1449200
2011-08-18,1.44,1.49,1.44,1.47,867500
2011-08-19,1.44,1.47,1.42,1.44,652500
2011-08-22,1.42,1.53,1.42,1.53,1405300
2011-08-23,1.53,1.55,1.49,1.51,610200
2011-08-24,1.51,1.53,1.47,1.49,368400
2011-08-25,1.47,1.51,1.47,1.49,766900
2011-08-26,1.49,1.51,1.47,1.49,197600
2011-08-29,1.49,1.51,1.47,1.51,1799500
2011-08-30,1.49,1.59,1.49,1.57,2053500
2011-08-31,1.59,1.67,1.55,1.65,2179000
2011-09-01,1.65,1.71,1.65,1.71,523200
2011-09-05,1.77,1.82,1.77,1.82,3506300
2011-09-06,1.8,1.8,1.69,1.71,2819900
2011-09-07,1.71,1.82,1.71,1.82,2437700
2011-09-08,1.86,1.92,1.82,1.86,1736200
2011-09-09,1.82,1.86,1.77,1.82,1396600
2011-09-12,1.82,1.86,1.77,1.84,1458700
2011-09-13,1.82,1.86,1.77,1.8,1851400
2011-09-14,1.8,1.8,1.69,1.71,1501400
2011-09-15,1.73,1.73,1.63,1.67,1189200
2011-09-16,1.67,1.69,1.59,1.61,892700
2011-09-19,1.63,1.67,1.59,1.65,1269500
2011-09-20,1.65,1.65,1.61,1.61,379600
2011-09-21,1.63,1.67,1.61,1.63,439600
2011-09-22,1.61,1.67,1.61,1.65,652800
2011-09-23,1.65,1.69,1.63,1.65,769700
2011-09-26,1.65,1.67,1.61,1.61,947800
2011-09-27,1.63,1.63,1.59,1.61,752400
2011-09-28,1.59,1.65,1.59,1.61,380000
2011-09-29,1.61,1.61,1.55,1.55,786100
2011-09-30,1.53,1.57,1.51,1.53,691700
2011-10-03,1.53,1.53,1.49,1.49,663200
2011-10-04,1.49,1.53,1.47,1.53,1057700
2011-10-05,1.51,1.55,1.51,1.51,442300
2011-10-06,1.55,1.57,1.51,1.57,376400
2011-10-07,1.59,1.61,1.53,1.55,609900
2011-10-10,1.53,1.55,1.51,1.51,260900
2011-10-11,1.57,1.63,1.53,1.63,2097600
2011-10-12,1.69,1.71,1.59,1.61,822200
2011-10-13,1.63,1.63,1.59,1.63,319100
2011-10-14,1.61,1.63,1.59,1.59,835400
2011-10-17,1.59,1.61,1.57,1.57,1350200
2011-10-18,1.59,1.59,1.55,1.57,1184200
2011-10-19,1.64,1.64,1.55,1.59,622500
2011-10-20,1.57,1.57,1.52,1.55,503100
2011-10-21,1.55,1.57,1.5,1.57,964400
2011-10-24,1.61,1.61,1.52,1.55,749400
2011-10-25,1.55,1.57,1.5,1.52,771100
2011-10-26,1.52,1.55,1.5,1.55,765100
2011-10-27,1.55,1.57,1.52,1.52,936500
2011-10-28,1.55,1.64,1.55,1.64,2241600
2011-10-31,1.71,1.71,1.61,1.64,784100
2011-11-01,1.61,1.64,1.57,1.57,388500
2011-11-02,1.59,1.59,1.52,1.55,822700
2011-11-03,1.57,1.57,1.52,1.55,556500
2011-11-04,1.57,1.59,1.55,1.55,443700
2011-11-07,1.57,1.57,1.52,1.52,624200
2011-11-08,1.55,1.55,1.5,1.52,1201700
2011-11-09,1.52,1.55,1.5,1.5,353600
2011-11-10,1.5,1.52,1.48,1.48,609800
2011-11-11,1.5,1.52,1.48,1.5,474500
2011-11-14,1.5,1.5,1.43,1.43,541600
2011-11-15,1.45,1.5,1.45,1.5,1005300
2011-11-16,1.5,1.55,1.48,1.55,811000
2011-11-17,1.52,1.55,1.48,1.5,549600
2011-11-18,1.5,1.5,1.45,1.48,759200
2011-11-21,1.48,1.5,1.45,1.48,421500
2011-11-22,1.43,1.5,1.43,1.48,657100
2011-11-23,1.5,1.52,1.5,1.5,499700
2011-11-24,1.52,1.52,1.48,1.5,529000
2011-11-25,1.5,1.5,1.48,1.48,150800
2011-11-28,1.48,1.52,1.48,1.5,381500
2011-11-29,1.5,1.52,1.45,1.48,667600
2011-11-30,1.48,1.48,1.45,1.48,292700
2011-12-01,1.5,1.52,1.45,1.48,307100
2011-12-02,1.5,1.52,1.48,1.5,623100
2011-12-05,1.5,1.59,1.5,1.57,1055100
2011-12-06,1.57,1.57,1.48,1.5,737800
2011-12-07,1.52,1.52,1.48,1.48,371500
2011-12-08,1.5,1.52,1.48,1.48,446900
2011-12-09,1.48,1.5,1.45,1.45,360400
2011-12-12,1.48,1.48,1.43,1.45,616200
2011-12-13,1.45,1.48,1.43,1.43,475600
2011-12-14,1.45,1.45,1.36,1.38,848400
2011-12-15,1.38,1.43,1.31,1.38,1175300
2011-12-16,1.38,1.43,1.36,1.41,966500
2011-12-19,1.41,1.43,1.36,1.38,538800
2011-12-20,1.38,1.43,1.34,1.36,556400
2011-12-21,1.36,1.43,1.34,1.38,615300
2011-12-22,1.38,1.41,1.29,1.36,1053800
2011-12-23,1.34,1.34,1.27,1.29,652800
2011-12-26,1.29,1.34,1.25,1.25,1376800
2011-12-27,1.22,1.34,1.22,1.25,1667100
2011-12-28,1.31,1.34,1.27,1.31,927500
2011-12-29,1.34,1.36,1.29,1.31,848900
2011-12-30,1.34,1.38,1.31,1.36,612200
2012-01-03,1.34,1.36,1.31,1.36,384400
2012-01-04,1.34,1.36,1.31,1.34,264900
2012-01-05,1.38,1.38,1.31,1.31,411200
2012-01-06,1.31,1.34,1.29,1.31,209600
2012-01-09,1.34,1.34,1.29,1.31,517500
2012-01-10,1.31,1.38,1.29,1.36,1008600
2012-01-11,1.38,1.41,1.34,1.36,295500
2012-01-12,1.36,1.36,1.31,1.34,191800
2012-01-13,1.34,1.36,1.34,1.36,556900
2012-01-16,1.36,1.41,1.36,1.38,328400
2012-01-17,1.38,1.38,1.34,1.36,283100
2012-01-18,1.36,1.38,1.36,1.38,189900
2012-01-19,1.38,1.43,1.36,1.41,477900
2012-01-20,1.43,1.43,1.38,1.41,311400
2012-01-30,1.43,1.45,1.41,1.43,357400
2012-01-31,1.45,1.52,1.43,1.5,1058000
2012-02-01,1.5,1.5,1.45,1.48,699800
2012-02-02,1.52,1.57,1.48,1.57,891900
2012-02-03,1.64,1.66,1.59,1.61,3799200
2012-02-06,1.64,1.66,1.57,1.61,1309500
2012-02-07,1.61,1.66,1.59,1.61,956000
2012-02-08,1.61,1.68,1.61,1.68,1809200
2012-02-09,1.68,1.73,1.66,1.73,4288400
2012-02-10,1.82,1.85,1.73,1.75,3496500
2012-02-13,1.75,1.75,1.66,1.66,2619300
2012-02-14,1.64,1.71,1.61,1.68,2013400
2012-02-15,1.71,1.71,1.57,1.59,2050400
2012-02-16,1.59,1.61,1.55,1.61,1794300
2012-02-17,1.64,1.68,1.61,1.66,1093600
2012-02-20,1.71,1.78,1.68,1.78,4201700
2012-02-21,1.87,1.87,1.73,1.75,2907600
2012-02-22,1.78,1.85,1.68,1.8,2934300
2012-02-23,1.78,1.89,1.75,1.87,4403300
2012-02-24,1.89,1.96,1.85,1.89,4829300
2012-02-27,1.89,2.03,1.89,2.01,3907000
2012-02-28,2.01,2.08,1.91,1.98,3744600
2012-02-29,1.96,2.03,1.91,2.01,4002700
2012-03-01,1.96,2.08,1.94,2.08,5804400
2012-03-02,2.1,2.17,2.1,2.17,1445500
2012-03-05,2.31,2.31,2.31,2.31,889300
2012-03-06,2.47,2.47,2.44,2.47,8611100
2012-03-07,2.63,2.63,2.42,2.63,11269700
2012-03-08,2.74,2.74,2.44,2.51,5231400
2012-03-09,2.56,2.61,2.4,2.4,4990400
2012-03-12,2.44,2.44,2.28,2.28,3685600
2012-03-13,2.28,2.42,2.17,2.4,4400700
2012-03-14,2.31,2.49,2.31,2.38,2837200
2012-03-15,2.4,2.56,2.31,2.54,4930000
2012-03-16,2.47,2.61,2.47,2.58,6462100
2012-03-19,2.61,2.63,2.49,2.54,2428300
2012-03-20,2.56,2.58,2.49,2.54,3649800
2012-03-21,2.54,2.7,2.54,2.65,6530000
2012-03-22,2.68,2.7,2.61,2.65,3435000
2012-03-23,2.65,2.72,2.61,2.68,3700300
2012-03-26,2.68,2.77,2.63,2.63,3593600
2012-03-27,2.63,2.63,2.47,2.47,4559000
2012-03-28,2.42,2.58,2.33,2.54,3683200
2012-03-29,2.56,2.58,2.4,2.42,2378500
2012-03-30,2.51,2.54,2.33,2.35,2871300
2012-04-03,2.35,2.51,2.33,2.51,1974600
2012-04-04,2.54,2.58,2.4,2.44,1915800
2012-04-05,2.4,2.54,2.38,2.49,1709100
2012-04-06,2.49,2.51,2.42,2.44,1928500
2012-04-09,2.44,2.49,2.44,2.44,1423300
2012-04-10,2.47,2.51,2.4,2.42,2615500
2012-04-11,2.47,2.54,2.42,2.49,2267200
2012-04-12,2.54,2.65,2.54,2.65,3325700
2012-04-13,2.84,2.84,2.61,2.65,4614500
2012-04-16,2.65,2.72,2.61,2.7,3835900
2012-04-17,2.72,2.74,2.63,2.63,2400800
2012-04-18,2.63,2.68,2.56,2.58,3585000
2012-04-19,2.56,2.61,2.44,2.49,3616900
2012-04-20,2.49,2.58,2.49,2.51,2208100
2012-04-23,2.51,2.56,2.47,2.51,1428400
2012-04-24,2.54,2.56,2.47,2.51,2369900
2012-04-25,2.56,2.68,2.56,2.65,3281600
2012-04-26,2.65,2.65,2.54,2.56,2381000
2012-04-27,2.61,2.63,2.56,2.61,2010900
2012-05-02,2.61,2.63,2.47,2.51,2813900
2012-05-03,2.47,2.51,2.35,2.4,4331600
2012-05-04,2.4,2.49,2.4,2.47,2140600
2012-05-07,2.51,2.61,2.49,2.61,759000
2012-05-08,2.7,2.77,2.58,2.61,3169600
2012-05-09,2.58,2.63,2.56,2.58,1942300
2012-05-10,2.58,2.61,2.51,2.54,2059200
2012-05-11,2.65,2.68,2.44,2.47,2842900
2012-05-14,2.47,2.47,2.35,2.38,2570700
2012-05-15,2.38,2.42,2.28,2.31,1876400
2012-05-16,2.31,2.35,2.26,2.33,1530400
2012-05-17,2.33,2.35,2.26,2.28,812600
2012-05-18,2.26,2.26,2.12,2.14,2720500
2012-05-21,2.12,2.26,2.1,2.26,1136000
2012-05-22,2.38,2.38,2.19,2.24,1026600
2012-05-23,2.21,2.24,2.1,2.12,1733500
2012-05-24,2.14,2.14,2.03,2.12,1517700
2012-05-25,2.12,2.24,2.12,2.24,2309900
2012-05-28,2.28,2.38,2.26,2.31,2653900
2012-05-29,2.26,2.28,2.21,2.28,1189400
2012-05-30,2.24,2.33,2.24,2.31,1673300
2012-05-31,2.26,2.28,2.21,2.26,1444700
2012-06-01,2.28,2.31,2.26,2.28,1380800
2012-06-04,2.31,2.33,2.19,2.21,1337400
2012-06-05,2.19,2.28,2.19,2.28,888900
2012-06-06,2.26,2.28,2.21,2.26,961000
2012-06-07,2.23,2.38,2.23,2.36,2155400
2012-06-08,2.4,2.43,2.28,2.31,1502000
2012-06-11,2.31,2.33,2.26,2.28,802600
2012-06-12,2.31,2.31,2.26,2.26,509300
2012-06-13,2.28,2.28,2.23,2.28,873600
2012-06-14,2.26,2.28,2.23,2.23,572900
2012-06-15,2.23,2.31,2.23,2.26,748500
2012-06-18,2.28,2.33,2.26,2.28,668900
2012-06-19,2.28,2.28,2.23,2.26,400500
2012-06-20,2.26,2.28,2.26,2.28,391000
2012-06-21,2.23,2.28,2.23,2.23,472400
2012-06-22,2.23,2.26,2.21,2.23,707800
2012-06-25,2.23,2.26,2.19,2.19,1057400
2012-06-26,2.19,2.21,2.06,2.11,1172000
2012-06-27,2.11,2.14,2.09,2.11,1161800
2012-06-28,2.11,2.14,2.06,2.14,967600
2012-06-29,2.11,2.16,2.11,2.14,952700
2012-07-02,2.16,2.19,2.09,2.09,413200
2012-07-03,2.09,2.09,1.99,2.02,686400
2012-07-04,2.06,2.06,1.97,1.99,524900
2012-07-05,1.94,2.09,1.92,2.06,1204000
2012-07-06,2.09,2.11,2.04,2.06,1154400
2012-07-09,2.06,2.06,1.97,1.97,448200
2012-07-10,1.94,2.02,1.94,1.97,331900
2012-07-11,1.94,2.02,1.94,1.99,585800
2012-07-12,1.99,2.04,1.97,2.02,663900
2012-07-13,2.02,2.14,2.02,2.09,1343800
2012-07-16,2.11,2.14,2.02,2.04,926500
2012-07-17,2.04,2.11,2.02,2.09,421300
2012-07-18,2.11,2.11,2.04,2.06,605800
2012-07-19,2.06,2.19,2.04,2.14,1905900
2012-07-20,2.16,2.19,2.06,2.06,1196000
2012-07-23,2.09,2.09,2.04,2.06,729400
2012-07-24,2.06,2.06,1.99,2.02,861700
2012-07-25,1.99,2.04,1.97,2.02,546400
2012-07-26,2.04,2.04,1.99,2.04,699500
2012-07-27,2.04,2.11,2.04,2.04,1556900
2012-07-30,2.04,2.06,2.02,2.04,450700
2012-07-31,2.04,2.09,2.04,2.09,844100
2012-08-01,2.06,2.09,2.02,2.04,475800
2012-08-02,2.04,2.06,2.04,2.06,361800
2012-08-03,2.04,2.06,2.02,2.04,326800
2012-08-06,2.04,2.09,2.02,2.09,544600
2012-08-07,2.06,2.09,2.04,2.04,594200
2012-08-08,2.04,2.16,2.04,2.16,1914800
2012-08-09,2.26,2.31,2.26,2.31,3412300
2012-08-10,2.4,2.4,2.21,2.23,2012000
2012-08-13,2.23,2.28,2.21,2.23,1525600
2012-08-14,2.19,2.26,2.19,2.23,1758300
2012-08-15,2.26,2.28,2.23,2.23,2292600
2012-08-16,2.23,2.28,2.23,2.26,1872900
2012-08-17,1.99,1.99,1.87,1.92,3424500
2012-08-20,1.92,1.92,1.87,1.87,1419200
2012-08-21,1.89,1.89,1.77,1.77,2828400
2012-08-22,1.7,1.75,1.65,1.68,4139100
2012-08-23,1.63,1.65,1.55,1.55,2109400
2012-08-24,1.46,1.65,1.46,1.65,4738300
2012-08-27,1.72,1.72,1.55,1.58,3000000
2012-08-28,1.58,1.68,1.58,1.68,2033400
2012-08-29,1.65,1.75,1.65,1.75,2176400
2012-08-30,1.77,1.77,1.7,1.75,2071100
2012-08-31,1.77,1.77,1.7,1.7,1586300
2012-09-04,1.75,1.75,1.68,1.68,1107300
2012-09-05,1.7,1.72,1.63,1.63,1072300
2012-09-06,1.63,1.65,1.6,1.63,1618800
2012-09-07,1.6,1.68,1.6,1.63,1134600
2012-09-10,1.53,1.65,1.53,1.55,2279200
2012-09-11,1.55,1.58,1.53,1.58,1119500
2012-09-12,1.58,1.6,1.55,1.58,644100
2012-09-13,1.58,1.63,1.55,1.6,797700
2012-09-14,1.63,1.65,1.6,1.6,1786700
2012-09-17,1.63,1.65,1.6,1.6,654400
2012-09-18,1.6,1.6,1.53,1.53,1007600
2012-09-19,1.53,1.58,1.51,1.55,1020400
2012-09-20,1.55,1.55,1.51,1.55,858600
2012-09-21,1.53,1.6,1.53,1.58,827400
2012-09-24,1.55,1.58,1.53,1.55,560700
2012-09-25,1.55,1.58,1.53,1.58,365500
2012-09-26,1.58,1.6,1.55,1.58,512100
2012-09-27,1.58,1.58,1.55,1.58,575500
2012-09-28,1.58,1.58,1.53,1.55,683100
2012-10-01,1.55,1.55,1.48,1.48,493800
2012-10-02,1.46,1.51,1.46,1.48,707200
2012-10-03,1.46,1.53,1.43,1.53,277500
2012-10-04,1.51,1.51,1.48,1.51,265300
2012-10-05,1.48,1.51,1.43,1.48,1539900
2012-10-08,1.48,1.53,1.43,1.53,966000
2012-10-09,1.51,1.53,1.48,1.51,531800
2012-10-10,1.48,1.51,1.46,1.48,793400
2012-10-11,1.48,1.55,1.48,1.53,1083400
2012-10-12,1.51,1.53,1.48,1.51,292400
2012-10-15,1.51,1.51,1.46,1.46,383200
2012-10-16,1.51,1.58,1.48,1.58,2571700
2012-10-17,1.63,1.65,1.55,1.55,1819600
2012-10-18,1.55,1.6,1.53,1.55,312200
2012-10-19,1.55,1.55,1.48,1.53,1066800
2012-10-22,1.51,1.53,1.48,1.51,551900
2012-10-23,1.51,1.53,1.48,1.51,637100
2012-10-24,1.48,1.48,1.46,1.46,561400
2012-10-25,1.46,1.48,1.43,1.46,993200
2012-10-26,1.43,1.43,1.36,1.41,4909600
2012-10-29,1.41,1.41,1.36,1.38,1324800
2012-10-30,1.36,1.41,1.31,1.31,5486200
2012-10-31,1.31,1.34,1.26,1.31,6592200
2012-11-01,1.24,1.31,1.24,1.24,5764300
2012-11-02,1.24,1.24,1.17,1.19,8121000
2012-11-05,1.17,1.21,1.17,1.19,3022200
2012-11-06,1.19,1.21,1.14,1.17,5062300
2012-11-07,1.17,1.21,1.09,1.19,11223500
2012-11-08,1.19,1.19,1.14,1.17,2470800
2012-11-09,1.17,1.21,1.17,1.19,4842900
2012-11-12,1.17,1.26,1.17,1.26,9758100
2012-11-13,1.26,1.34,1.26,1.29,8141400
2012-11-14,1.29,1.34,1.26,1.29,3557200
2012-11-15,1.26,1.29,1.21,1.24,7123400
2012-11-16,1.24,1.26,1.21,1.24,5686800
2012-11-19,1.26,1.26,1.19,1.21,4253000
2012-11-20,1.21,1.24,1.19,1.24,4710900
2012-11-21,1.21,1.21,1.19,1.19,1603200
2012-11-22,1.19,1.21,1.17,1.21,3391700
2012-11-23,1.19,1.21,1.17,1.17,1760300
2012-11-26,1.19,1.19,1.14,1.17,3269500
2012-11-27,1.17,1.19,1.14,1.14,2046900
2012-11-28,1.17,1.19,1.14,1.17,1892400
2012-11-29,1.17,1.19,1.14,1.17,2394000
2012-11-30,1.19,1.19,1.14,1.19,2238600
2012-12-03,1.17,1.19,1.14,1.17,2052400
2012-12-04,1.17,1.21,1.17,1.21,3318800
2012-12-05,1.21,1.24,1.19,1.21,7122000
2012-12-06,1.21,1.21,1.17,1.19,3662200
2012-12-07,1.19,1.21,1.17,1.19,2245400
2012-12-10,1.19,1.24,1.17,1.21,5404700
2012-12-11,1.21,1.24,1.17,1.21,5476800
2012-12-12,1.19,1.26,1.17,1.26,13942500
2012-12-13,1.29,1.34,1.26,1.31,16603800
2012-12-14,1.29,1.34,1.26,1.31,7284400
2012-12-17,1.29,1.34,1.24,1.34,16953000
2012-12-18,1.34,1.36,1.29,1.29,11026100
2012-12-19,1.29,1.36,1.29,1.36,9940900
2012-12-20,1.38,1.38,1.29,1.29,13411700
2012-12-21,1.31,1.31,1.26,1.29,7333500
2012-12-24,1.29,1.34,1.29,1.31,5550200
2012-12-25,1.31,1.34,1.29,1.31,7707300
2012-12-26,1.29,1.34,1.29,1.31,6758400
2012-12-27,1.31,1.38,1.31,1.36,22659000
2012-12-28,1.34,1.43,1.34,1.41,13450600
2013-01-02,1.43,1.53,1.43,1.53,16576600
2013-01-03,1.55,1.58,1.46,1.51,28325900
2013-01-04,1.51,1.6,1.48,1.6,22878500
2013-01-07,1.6,1.68,1.55,1.58,15875300
2013-01-08,1.55,1.68,1.53,1.65,20332000
2013-01-09,1.68,1.7,1.55,1.55,29039200
2013-01-10,1.55,1.63,1.53,1.63,10394700
2013-01-11,1.65,1.7,1.6,1.63,19834700
2013-01-14,1.65,1.65,1.58,1.63,13424900
2013-01-15,1.63,1.75,1.63,1.72,22989300
2013-01-16,1.75,1.77,1.68,1.7,20232900
2013-01-17,1.68,1.72,1.63,1.65,19169500
2013-01-18,1.63,1.68,1.6,1.65,14861300
2013-01-21,1.65,1.68,1.6,1.63,8094900
2013-01-22,1.63,1.65,1.53,1.55,17526200
2013-01-23,1.55,1.6,1.51,1.58,10891500
2013-01-24,1.6,1.65,1.53,1.63,10896400
2013-01-25,1.63,1.68,1.6,1.63,12706200
2013-01-28,1.65,1.75,1.63,1.7,18814800
2013-01-29,1.65,1.82,1.65,1.77,23855800
2013-01-30,1.8,1.82,1.77,1.8,11286300
2013-01-31,1.8,1.8,1.7,1.72,14567800
2013-02-01,1.72,1.75,1.68,1.72,11966600
2013-02-04,1.75,1.8,1.72,1.77,9999300
2013-02-05,1.75,1.77,1.7,1.75,7918700
2013-02-06,1.75,1.82,1.75,1.8,13342500
2013-02-07,1.8,1.89,1.8,1.89,14953000
2013-02-08,1.89,1.99,1.87,1.97,15043200
2013-02-18,1.99,2.02,1.94,1.94,14394800
2013-02-19,1.94,1.97,1.89,1.89,27294600
2013-02-20,1.89,2.02,1.87,1.99,15441800
2013-02-21,1.99,2.02,1.8,1.82,28116300
2013-02-22,1.82,1.92,1.77,1.89,28433600
2013-02-25,1.92,1.94,1.85,1.87,8669000
2013-02-26,1.87,1.87,1.72,1.75,18922600
2013-02-27,1.75,1.8,1.72,1.8,11525800
2013-02-28,1.75,1.82,1.75,1.8,7822200
2013-03-01,1.77,1.82,1.77,1.8,7984600
2013-03-04,1.77,1.8,1.63,1.65,20517200
2013-03-05,1.68,1.7,1.58,1.6,16449400
2013-03-06,1.6,1.72,1.6,1.7,7684600
2013-03-07,1.7,1.72,1.63,1.65,6253200
2013-03-08,1.63,1.7,1.63,1.68,4392500
2013-03-11,1.65,1.77,1.65,1.75,11988300
2013-03-12,1.75,1.77,1.68,1.72,9009000
2013-03-13,1.75,1.75,1.68,1.68,6854200
2013-03-14,1.68,1.7,1.65,1.7,4776000
2013-03-15,1.68,1.72,1.65,1.7,6658400
2013-03-18,1.7,1.7,1.65,1.65,7233500
2013-03-19,1.65,1.68,1.6,1.65,7502500
2013-03-20,1.65,1.7,1.63,1.68,8958200
2013-03-21,1.68,1.7,1.65,1.65,3641000
2013-03-22,1.68,1.7,1.6,1.65,6801300
2013-03-25,1.63,1.68,1.6,1.68,5869900
2013-03-26,1.65,1.68,1.63,1.65,3170100
2013-03-27,1.63,1.65,1.6,1.63,6929500
2013-03-28,1.63,1.65,1.58,1.6,9715000
2013-03-29,1.58,1.6,1.53,1.6,7206900
2013-04-01,1.6,1.7,1.58,1.7,7855000
2013-04-02,1.7,1.72,1.65,1.65,10904600
2013-04-03,1.65,1.7,1.63,1.68,9265100
2013-04-04,1.65,1.68,1.63,1.63,4488000
2013-04-05,1.63,1.7,1.63,1.68,6289600
2013-04-08,1.7,1.8,1.7,1.77,20613800
2013-04-09,1.8,1.8,1.75,1.77,6058400
2013-04-10,1.77,1.77,1.65,1.68,14958800
2013-04-11,1.68,1.72,1.65,1.7,8514300
2013-04-12,1.7,1.72,1.63,1.65,6097700
2013-04-15,1.65,1.65,1.6,1.6,7620400
2013-04-16,1.6,1.63,1.55,1.63,6416900
2013-04-17,1.6,1.65,1.58,1.6,3544000
2013-04-18,1.6,1.6,1.55,1.58,5856200
2013-04-22,1.58,1.6,1.53,1.53,5368600
2013-04-23,1.55,1.58,1.53,1.58,3175400
2013-04-24,1.55,1.58,1.55,1.58,3311900
2013-04-25,1.58,1.63,1.58,1.6,3115600
2013-04-26,1.6,1.63,1.58,1.6,3042600
2013-05-02,1.6,1.63,1.58,1.58,1833600
2013-05-03,1.53,1.63,1.53,1.63,2596600
2013-05-06,1.63,1.75,1.63,1.72,12441500
2013-05-07,1.72,1.72,1.65,1.68,9190100
2013-05-08,1.68,1.7,1.65,1.65,4023800
2013-05-09,1.55,1.7,1.51,1.68,5688300
2013-05-10,1.68,1.7,1.65,1.65,4170100
2013-05-13,1.68,1.7,1.65,1.68,3924000
2013-05-14,1.68,1.68,1.63,1.63,4332300
2013-05-15,1.65,1.68,1.63,1.65,3755800
2013-05-16,1.65,1.7,1.65,1.68,5403800
2013-05-17,1.65,1.68,1.63,1.65,5084400
2013-05-20,1.68,1.7,1.63,1.7,4595900
2013-05-21,1.68,1.72,1.68,1.7,9074700
2013-05-22,1.68,1.77,1.68,1.75,18900600
2013-05-23,1.75,1.77,1.7,1.7,11632800
2013-05-24,1.72,1.75,1.7,1.7,4111200
2013-05-27,1.77,1.85,1.75,1.82,19048800
2013-05-28,1.82,1.87,1.77,1.85,18738700
2013-05-29,1.85,1.89,1.8,1.82,14841300
2013-05-30,1.82,1.87,1.8,1.87,7055200
2013-05-31,1.87,1.89,1.8,1.8,12449700
2013-06-03,1.8,1.85,1.77,1.82,7899900
2013-06-04,1.8,1.82,1.72,1.75,10744800
2013-06-05,1.75,1.8,1.75,1.77,6220400
2013-06-06,1.77,1.8,1.75,1.8,6397600
2013-06-07,1.77,1.8,1.75,1.77,8769700
2013-06-10,1.77,1.82,1.75,1.77,6864200
2013-06-11,1.77,1.8,1.75,1.75,4586600
2013-06-12,1.75,1.77,1.72,1.75,4724500
2013-06-13,1.75,1.77,1.72,1.77,6535400
2013-06-14,1.77,1.8,1.75,1.77,4315600
2013-06-17,1.75,1.77,1.68,1.7,10248200
2013-06-18,1.7,1.72,1.68,1.7,6495000
2013-06-19,1.7,1.72,1.68,1.7,3166700
2013-06-20,1.7,1.7,1.68,1.7,3609600
2013-06-21,1.7,1.7,1.65,1.68,1014700
2013-06-24,1.7,1.7,1.63,1.68,4801400
2013-06-25,1.65,1.68,1.6,1.63,9571800
2013-06-26,1.63,1.65,1.6,1.63,4311300
2013-06-27,1.65,1.68,1.63,1.65,3310000
2013-06-28,1.68,1.68,1.63,1.68,3975100
2013-07-01,1.68,1.68,1.63,1.65,906900
2013-07-02,1.63,1.68,1.63,1.65,2515000
2013-07-03,1.65,1.65,1.63,1.63,1762300
2013-07-04,1.63,1.65,1.63,1.63,491400
2013-07-05,1.63,1.65,1.6,1.63,2084000
2013-07-08,1.65,1.65,1.6,1.63,1159000
2013-07-09,1.65,1.65,1.6,1.65,768100
2013-07-10,1.65,1.65,1.6,1.63,908200
2013-07-11,1.48,1.65,1.48,1.65,659200
2013-07-12,1.58,1.68,1.58,1.68,3906100
2013-07-15,1.68,1.68,1.65,1.68,952900
2013-07-16,1.68,1.68,1.65,1.68,1388000
2013-07-17,1.68,1.68,1.63,1.65,3757600
2013-07-18,1.65,1.65,1.63,1.63,1126600
2013-07-19,1.63,1.65,1.63,1.65,1001600
2013-07-22,1.65,1.65,1.63,1.65,1698100
2013-07-23,1.65,1.65,1.6,1.63,2568600
2013-07-24,1.63,1.63,1.6,1.6,1330100
2013-07-25,1.6,1.63,1.58,1.58,4793400
2013-07-26,1.58,1.6,1.55,1.58,2782800
2013-07-29,1.58,1.58,1.46,1.53,1702329
2013-07-30,1.53,1.55,1.53,1.55,1148014
2013-07-31,1.55,1.65,1.53,1.55,508360
2013-08-01,1.55,1.58,1.53,1.55,453872
2013-08-02,1.55,1.58,1.55,1.55,528083
2013-08-05,1.55,1.55,1.51,1.51,1597601
2013-08-06,1.53,1.58,1.51,1.58,3705909
2013-08-07,1.58,1.72,1.53,1.55,1014515
2013-08-08,1.58,1.58,1.53,1.55,1678829
2013-08-09,1.55,1.55,1.53,1.55,1403052
2013-08-12,1.53,1.55,1.51,1.53,2116824
2013-08-13,1.55,1.55,1.51,1.51,1134248
2013-08-14,1.51,1.58,1.51,1.55,1914350
2013-08-15,1.53,1.55,1.51,1.53,3882565
2013-08-16,1.53,1.55,1.51,1.55,2016116
2013-08-19,1.55,1.63,1.46,1.6,6369789
2013-08-20,1.6,1.6,1.53,1.6,3050308
2013-08-21,1.58,1.6,1.55,1.6,3232416
2013-08-22,1.58,1.6,1.55,1.55,2511048
2013-08-23,1.55,1.58,1.53,1.55,3678563
2013-08-26,1.58,1.58,1.55,1.58,2119995
2013-08-27,1.55,1.58,1.53,1.58,1514107
2013-08-28,1.58,1.58,1.53,1.55,3722133
2013-08-29,1.55,1.58,1.53,1.53,1559556
2013-08-30,1.53,1.55,1.53,1.55,1734055
2013-09-03,1.55,1.58,1.41,1.55,1415440
2013-09-04,1.55,1.58,1.53,1.53,1367272
2013-09-05,1.51,1.6,1.51,1.58,4218984
2013-09-06,1.58,1.6,1.55,1.58,3006005
2013-09-09,1.58,1.7,1.53,1.55,1678492
2013-09-10,1.41,1.58,1.41,1.55,1617439
2013-09-11,1.55,1.58,1.53,1.53,2186606
2013-09-12,1.55,1.58,1.53,1.58,1453086
2013-09-13,1.55,1.58,1.43,1.58,1269146
2013-09-16,1.6,1.72,1.53,1.68,22558898
2013-09-17,1.68,1.7,1.53,1.65,7515310
2013-09-18,1.65,1.68,1.53,1.6,6278261
2013-09-19,1.63,1.65,1.53,1.63,6140284
2013-09-20,1.63,1.65,1.53,1.65,36613521
2013-09-23,1.6,1.65,1.58,1.63,2912950
2013-09-24,1.63,1.63,1.51,1.63,4269292
2013-09-25,1.6,1.65,1.58,1.63,4313677
2013-09-26,1.63,1.65,1.53,1.63,1736973
2013-09-27,1.63,1.63,1.6,1.63,1656535
2013-09-30,1.63,1.7,1.55,1.65,3650023
2013-10-01,1.65,1.68,1.63,1.65,5918956
2013-10-02,1.65,1.65,1.63,1.63,1681370
2013-10-03,1.65,1.7,1.63,1.65,7452226
2013-10-04,1.65,1.68,1.63,1.65,2291455
2013-10-07,1.65,1.7,1.63,1.68,5723889
2013-10-08,1.68,1.68,1.63,1.68,2602824
2013-10-09,1.68,1.68,1.63,1.65,1933228
2013-10-10,1.65,1.68,1.63,1.63,2165475
2013-10-11,1.63,1.65,1.63,1.63,1240372
2013-10-14,1.63,1.65,1.6,1.63,2538954
2013-10-15,1.63,1.65,1.6,1.63,1485616
2013-10-16,1.63,1.68,1.63,1.65,2904303
2013-10-17,1.65,1.7,1.65,1.68,6267833
2013-10-18,1.68,1.7,1.65,1.68,1576936
2013-10-21,1.68,1.72,1.68,1.7,6575662
2013-10-22,1.7,1.72,1.68,1.68,2400204
2013-10-23,1.7,1.72,1.55,1.72,4257420
2013-10-24,1.72,1.72,1.68,1.68,2536405
2013-10-25,1.7,1.7,1.68,1.7,2797653
2013-10-28,1.7,1.7,1.65,1.68,1486681
2013-10-29,1.68,1.68,1.65,1.68,1453692
2013-10-30,1.68,1.7,1.68,1.68,1019204
2013-10-31,1.7,1.7,1.68,1.68,1175926
2013-11-01,1.68,1.68,1.65,1.68,990760
2013-11-04,1.68,1.7,1.65,1.7,1270609
2013-11-05,1.7,1.7,1.68,1.68,554377
2013-11-06,1.68,1.75,1.68,1.72,5135307
2013-11-07,1.7,1.75,1.7,1.72,4836589
2013-11-08,1.7,1.75,1.7,1.72,1157315
2013-11-11,1.72,1.75,1.7,1.72,1753081
2013-11-12,1.72,1.75,1.7,1.7,3389015
2013-11-13,1.72,1.75,1.7,1.72,4297434
2013-11-14,1.72,1.72,1.7,1.72,473262
2013-11-15,1.72,1.72,1.55,1.72,2087761
2013-11-18,1.72,1.75,1.7,1.75,3701105
2013-11-19,1.72,1.75,1.72,1.72,1278845
2013-11-20,1.72,1.72,1.7,1.72,1625220
2013-11-21,1.72,1.77,1.72,1.72,8238525
2013-11-22,1.72,1.75,1.7,1.72,1630960
2013-11-25,1.75,1.75,1.7,1.72,2116811
2013-11-26,1.72,1.72,1.7,1.7,692322
2013-11-27,1.7,1.72,1.7,1.7,1950108
2013-11-28,1.7,1.72,1.7,1.7,1378303
2013-11-29,1.7,1.72,1.7,1.7,1383404
2013-12-02,1.7,1.72,1.68,1.7,2627498
2013-12-03,1.68,1.72,1.68,1.72,1487296
2013-12-04,1.7,1.72,1.7,1.7,3391192
2013-12-05,1.7,1.7,1.68,1.7,1370085
2013-12-06,1.7,1.7,1.68,1.68,948795
2013-12-09,1.7,1.7,1.68,1.7,2817329
2013-12-10,1.7,1.7,1.68,1.7,349105
2013-12-11,1.7,1.7,1.65,1.68,5748843
2013-12-12,1.68,1.7,1.65,1.68,1415198
2013-12-13,1.68,1.7,1.68,1.68,1168180
2013-12-16,1.68,1.68,1.65,1.65,2942521
2013-12-17,1.65,1.68,1.65,1.68,469270
2013-12-18,1.68,1.68,1.65,1.65,782359
2013-12-19,1.68,1.7,1.65,1.7,7675690
2013-12-20,1.7,1.72,1.65,1.65,10939206
2013-12-23,1.68,1.72,1.68,1.7,4109907
2013-12-24,1.7,1.7,1.68,1.68,2843458
2013-12-25,1.68,1.68,1.65,1.68,1880155
2013-12-26,1.68,1.68,1.65,1.65,1360126
2013-12-27,1.65,1.68,1.63,1.68,4177182
2013-12-30,1.68,1.68,1.63,1.65,3405133
2013-12-31,1.65,1.68,1.63,1.68,2169839
2014-01-02,1.68,1.68,1.65,1.65,1001762
2014-01-03,1.65,1.68,1.63,1.65,1101674
2014-01-06,1.65,1.68,1.63,1.65,2464187
2014-01-07,1.51,1.7,1.51,1.68,3528757
2014-01-08,1.68,1.7,1.68,1.68,1438058
2014-01-09,1.68,1.72,1.68,1.7,5925616
2014-01-10,1.7,1.72,1.68,1.68,1626869
2014-01-13,1.68,1.7,1.68,1.7,2070307
2014-01-14,1.68,1.7,1.68,1.68,2798887
2014-01-15,1.68,1.7,1.65,1.68,3604199
2014-01-16,1.68,1.7,1.68,1.7,1643518
2014-01-17,1.7,1.8,1.68,1.72,11885727
2014-01-20,1.75,1.77,1.72,1.75,4488333
2014-01-21,1.75,1.77,1.72,1.75,4373193
2014-01-22,1.77,1.8,1.72,1.75,8341287
2014-01-23,1.75,1.77,1.72,1.75,2157230
2014-01-24,1.77,1.77,1.72,1.75,1804945
2014-01-27,1.75,1.75,1.72,1.75,2570782
2014-02-06,1.75,1.77,1.72,1.77,3385820
2014-02-07,1.77,1.87,1.77,1.82,11491608
2014-02-10,1.82,1.89,1.82,1.87,7675996
2014-02-11,1.87,1.92,1.85,1.85,8151029
2014-02-12,1.85,1.87,1.82,1.87,5976109
2014-02-13,1.87,1.89,1.85,1.87,6152479
2014-02-14,1.89,1.92,1.87,1.89,10388605
2014-02-17,1.89,1.99,1.87,1.94,15604869
2014-02-18,1.97,2.11,1.94,2.06,15312270
2014-02-19,2.09,2.19,2.06,2.19,15842750
2014-02-20,2.19,2.21,2.02,2.06,16873253
2014-02-21,2.06,2.11,1.99,2.09,10425453
2014-02-24,2.09,2.11,2.06,2.11,4224649
2014-02-25,2.11,2.14,2.04,2.09,11128416
2014-02-26,2.11,2.16,2.09,2.16,9481046
2014-02-27,2.16,2.31,2.16,2.19,15252870
2014-02-28,2.21,2.26,2.19,2.26,7889962
2014-03-03,2.26,2.26,2.16,2.19,10936575
2014-03-04,2.16,2.19,2.11,2.16,14202475
2014-03-05,2.16,2.23,2.16,2.19,5043139
2014-03-06,2.21,2.26,2.16,2.26,10208118
2014-03-07,2.26,2.26,2.21,2.26,10682868
2014-03-10,2.26,2.28,2.23,2.26,5885519
2014-03-11,2.26,2.28,2.23,2.26,7984131
2014-03-12,2.28,2.28,2.21,2.26,9720530
2014-03-13,2.26,2.31,2.23,2.31,9835395
2014-03-14,2.31,2.43,2.28,2.4,17514168
2014-03-17,2.4,2.48,2.38,2.45,12035753
2014-03-18,2.48,2.48,2.43,2.45,10015654
2014-03-19,2.45,2.7,2.43,2.7,31416689
2014-03-20,2.82,2.82,2.6,2.82,18830263
2014-03-21,2.82,2.96,2.77,2.82,23617117
2014-03-24,2.84,2.96,2.84,2.94,12939876
2014-03-25,2.91,2.96,2.74,2.79,14291914
2014-03-26,2.79,2.84,2.65,2.82,15571746
2014-03-27,2.84,2.84,2.72,2.74,5743619
2014-03-28,2.74,2.84,2.74,2.77,5006151
2014-03-31,2.77,2.79,2.7,2.7,5462557
2014-04-01,2.7,2.72,2.48,2.48,15090892
2014-04-02,2.48,2.57,2.45,2.57,9100427
2014-04-03,2.57,2.65,2.5,2.65,8531572
2014-04-04,2.67,2.67,2.57,2.6,5365446
2014-04-07,2.6,2.67,2.57,2.65,5492848
2014-04-08,2.67,2.67,2.62,2.65,6549640
2014-04-10,2.65,2.67,2.6,2.6,4287634
2014-04-11,2.6,2.74,2.57,2.7,14766531
2014-04-14,2.74,2.79,2.65,2.67,5907932
2014-04-15,2.7,2.74,2.62,2.62,13991364
2014-04-16,2.67,2.67,2.53,2.57,10031410
2014-04-17,2.6,2.67,2.6,2.65,4484092
2014-04-18,2.65,2.65,2.45,2.45,8254158
2014-04-21,2.55,2.55,2.31,2.31,7193236
2014-04-22,2.33,2.43,2.26,2.43,7788547
2014-04-23,2.43,2.48,2.38,2.38,5394101
2014-04-24,2.38,2.38,2.33,2.36,3149484
2014-04-25,2.36,2.4,2.36,2.36,3852991
2014-04-28,2.38,2.4,2.33,2.33,2895448
2014-04-29,2.36,2.36,2.31,2.36,2044249
2014-05-05,2.36,2.36,2.16,2.16,7428300
2014-05-06,2.16,2.16,1.99,2.14,15295083
2014-05-07,2.14,2.21,2.11,2.11,3105064
2014-05-08,2.09,2.11,1.92,1.99,23800303
2014-05-09,1.97,2.11,1.94,2.09,8181174
2014-05-12,2.09,2.09,1.94,1.94,6578009
2014-05-13,1.94,1.99,1.92,1.99,6821620
2014-05-14,1.97,2.11,1.97,2.06,6113514
2014-05-15,2.06,2.09,1.97,1.99,8509226
2014-05-16,1.99,2.06,1.99,2.06,2920970
2014-05-19,2.06,2.11,2.02,2.09,7945915
2014-05-20,2.09,2.14,2.04,2.14,4287658
2014-05-21,2.11,2.26,2.09,2.23,12006294
2014-05-22,2.23,2.31,2.16,2.16,9518456
2014-05-23,2.16,2.23,2.16,2.21,4315085
2014-05-26,2.21,2.21,2.16,2.19,3256312
2014-05-27,2.19,2.31,2.19,2.28,10750107
2014-05-28,2.31,2.31,2.23,2.26,7533146
2014-05-29,2.26,2.28,2.21,2.21,6884945
2014-05-30,2.19,2.23,2.19,2.21,4045739
2014-06-02,2.19,2.21,2.14,2.14,4714473
2014-06-03,2.11,2.19,2.11,2.16,1740948
2014-06-04,2.16,2.19,2.09,2.11,5411985
2014-06-05,2.14,2.16,2.09,2.14,1872529
2014-06-06,2.16,2.19,2.11,2.19,2031595
2014-06-09,2.19,2.21,2.16,2.16,4060592
2014-06-10,2.16,2.19,2.14,2.14,2302481
2014-06-11,2.16,2.26,2.14,2.23,4323231
2014-06-12,2.23,2.26,2.21,2.21,3545548
2014-06-13,2.23,2.26,2.19,2.23,3096160
2014-06-16,2.23,2.26,2.21,2.21,2765418
2014-06-17,2.21,2.26,2.19,2.23,2833508
2014-06-18,2.26,2.28,2.21,2.23,4831163
2014-06-19,2.21,2.23,2.16,2.21,3053750
2014-06-20,2.21,2.23,2.14,2.23,5085890
2014-06-23,2.04,2.23,2.04,2.19,788595
2014-06-24,2.19,2.23,2.19,2.21,2785574
2014-06-25,2.23,2.23,2.21,2.23,2296917
2014-06-26,2.23,2.28,2.23,2.26,7517475
2014-06-27,2.04,2.28,2.04,2.26,2593501
2014-06-30,2.28,2.4,2.28,2.36,5975529
2014-07-01,2.38,2.38,2.33,2.36,3417551
2014-07-02,2.36,2.38,2.33,2.38,2427072
2014-07-03,2.38,2.45,2.38,2.4,10210713
2014-07-04,2.5,2.5,2.42,2.44,4113877
2014-07-07,2.44,2.47,2.42,2.42,2416262
2014-07-08,2.42,2.47,2.37,2.47,6491812
2014-07-09,2.5,2.52,2.44,2.44,2758763
2014-07-10,2.44,2.47,2.39,2.39,4030699
2014-07-11,2.39,2.42,2.37,2.42,2377123
2014-07-14,2.42,2.42,2.37,2.39,1721125
2014-07-15,2.16,2.42,2.16,2.39,924482
2014-07-16,2.42,2.47,2.39,2.39,4305816
2014-07-17,2.42,2.42,2.37,2.39,1188928
2014-07-18,2.39,2.42,2.37,2.42,2918856
2014-07-21,2.42,2.44,2.39,2.39,2679039
2014-07-22,2.37,2.42,2.37,2.37,1728105
2014-07-23,2.39,2.39,2.34,2.34,1690567
2014-07-24,2.37,2.37,2.31,2.34,2698348
2014-07-25,2.37,2.37,2.31,2.31,1566653
2014-07-28,2.34,2.34,2.23,2.26,4102326
2014-07-29,2.29,2.29,2.23,2.26,1365028
2014-07-30,2.26,2.29,2.23,2.29,1490594
2014-07-31,2.29,2.31,2.26,2.31,2279876
2014-08-01,2.31,2.31,2.26,2.29,2289005
2014-08-04,2.29,2.31,2.26,2.29,1473465
2014-08-05,2.29,2.34,2.29,2.31,2105707
2014-08-06,2.31,2.34,2.29,2.31,2085488
2014-08-07,2.31,2.34,2.29,2.34,1319750
2014-08-08,2.34,2.39,2.34,2.37,3051450
2014-08-11,2.39,2.39,2.34,2.34,974783
2014-08-12,2.34,2.37,2.31,2.31,690591
2014-08-13,2.31,2.37,2.31,2.34,1472411
2014-08-14,2.34,2.42,2.34,2.37,2987327
2014-08-15,2.37,2.39,2.34,2.37,1708254
2014-08-18,2.37,2.39,2.34,2.37,3642396
2014-08-19,2.37,2.39,2.34,2.34,2023150
2014-08-20,2.37,2.37,2.31,2.34,1798671
2014-08-21,2.34,2.37,2.34,2.34,2626665
2014-08-22,2.37,2.39,2.31,2.34,3675234
2014-08-25,2.34,2.44,2.34,2.42,6647429
2014-08-26,2.58,2.58,2.39,2.44,10905879
2014-08-27,2.68,2.68,2.42,2.42,4343922
2014-08-28,2.42,2.44,2.39,2.42,4338460
2014-08-29,2.42,2.52,2.39,2.5,9719139
2014-09-03,2.5,2.63,2.5,2.55,9449936
2014-09-04,2.55,2.58,2.52,2.58,3879179
2014-09-05,2.55,2.58,2.55,2.58,5408769
2014-09-08,2.58,2.6,2.55,2.55,6398252
2014-09-09,2.58,2.58,2.47,2.47,13029876
2014-09-10,2.47,2.5,2.42,2.5,8392169
2014-09-11,2.5,2.5,2.44,2.47,2850009
2014-09-12,2.47,2.5,2.47,2.47,4028844
2014-09-15,2.47,2.5,2.42,2.42,6588936
2014-09-16,2.42,2.44,2.39,2.44,5167977
2014-09-17,2.44,2.5,2.44,2.44,3354924
2014-09-18,2.44,2.5,2.42,2.44,5344084
2014-09-19,2.44,2.44,2.39,2.39,7794367
2014-09-22,2.37,2.44,2.37,2.39,2149672
2014-09-23,2.39,2.44,2.39,2.42,3028279
2014-09-24,2.42,2.42,2.39,2.39,3186111
2014-09-25,2.39,2.42,2.37,2.42,1376579
2014-09-26,2.42,2.44,2.39,2.39,2365696
2014-09-29,2.42,2.42,2.39,2.39,1414451
2014-09-30,2.39,2.42,2.37,2.42,3267454
2014-10-01,2.42,2.44,2.39,2.42,8647474
2014-10-02,2.42,2.42,2.39,2.42,4178900
2014-10-03,2.42,2.44,2.39,2.42,5020365
2014-10-06,2.42,2.5,2.39,2.44,7313065
2014-10-07,2.44,2.47,2.42,2.44,3086059
2014-10-08,2.44,2.5,2.42,2.44,7716220
2014-10-09,2.47,2.52,2.47,2.47,10210122
2014-10-10,2.5,2.5,2.42,2.44,3702718
2014-10-13,2.44,2.44,2.39,2.39,7248815
2014-10-14,2.39,2.42,2.37,2.37,4133221
2014-10-15,2.37,2.37,2.31,2.34,5587358
2014-10-16,2.31,2.37,2.26,2.26,9333836
2014-10-17,2.26,2.31,2.23,2.29,2409310
2014-10-20,2.31,2.34,2.29,2.29,1459394
2014-10-21,2.31,2.31,2.29,2.31,1770696
2014-10-22,2.31,2.34,2.29,2.31,1002208
2014-10-23,2.31,2.31,2.26,2.26,1699020
2014-10-24,2.26,2.29,2.23,2.26,2015873
2014-10-27,2.26,2.29,2.18,2.18,2773334
2014-10-28,2.18,2.23,2.16,2.21,2600652
2014-10-29,2.21,2.23,2.21,2.23,1269311
2014-10-30,2.23,2.26,2.23,2.26,647770
2014-10-31,2.26,2.31,2.23,2.29,2932168
2014-11-03,2.31,2.34,2.29,2.29,1961163
2014-11-04,2.29,2.31,2.26,2.29,674094
2014-11-05,2.29,2.29,2.23,2.26,1169639
2014-11-06,2.26,2.31,2.26,2.31,1468257
2014-11-07,2.31,2.31,2.29,2.29,553136
2014-11-10,2.29,2.31,2.26,2.26,804700
2014-11-11,2.29,2.31,2.26,2.29,1215269
2014-11-12,2.29,2.31,2.26,2.31,818100
2014-11-13,2.31,2.34,2.29,2.31,1364890
2014-11-14,2.31,2.31,2.26,2.31,913018
2014-11-17,2.31,2.34,2.29,2.31,1500139
2014-11-18,2.31,2.31,2.29,2.29,1581518
2014-11-19,2.29,2.31,2.26,2.29,1094490
2014-11-20,2.29,2.31,2.26,2.29,1369097
2014-11-21,2.31,2.37,2.29,2.34,3901074
2014-11-24,2.34,2.34,2.29,2.29,1236330
2014-11-25,2.26,2.34,2.26,2.34,1136520
2014-11-26,2.34,2.34,2.29,2.31,2961742
2014-11-27,2.29,2.34,2.26,2.29,1025832
2014-11-28,2.31,2.34,2.29,2.29,1851969
2014-12-01,2.29,2.31,2.29,2.29,1463382
2014-12-02,2.31,2.31,2.26,2.26,1521060
2014-12-03,2.26,2.31,2.26,2.29,2202412
2014-12-04,2.31,2.42,2.29,2.39,10370193
2014-12-05,2.39,2.42,2.37,2.37,1981682
2014-12-08,2.37,2.37,2.31,2.34,1083365
2014-12-09,2.34,2.34,2.23,2.26,5642522
2014-12-10,2.26,2.31,2.26,2.31,1935759
2014-12-11,2.31,2.34,2.29,2.29,2720696
2014-12-12,2.26,2.31,2.26,2.31,873645
2014-12-15,2.29,2.31,2.26,2.26,2947452
2014-12-16,2.26,2.26,2.21,2.23,3284244
2014-12-17,2.23,2.23,2.08,2.13,3988490
2014-12-18,2.13,2.18,2.13,2.16,3205851
2014-12-19,2.16,2.18,2.08,2.08,7600087
2014-12-22,2.08,2.18,2.08,2.16,1653659
2014-12-23,2.18,2.21,2.13,2.18,2609900
2014-12-24,2.16,2.21,2.16,2.21,2577882
2014-12-25,2.0,2.21,2.0,2.16,2068989
2014-12-26,2.16,2.16,2.1,2.1,1739520
2014-12-29,2.1,2.16,2.02,2.02,4348800
2014-12-30,2.08,2.1,2.0,2.1,3044956
2014-12-31,2.13,2.18,2.1,2.13,2454764
2015-01-05,2.13,2.18,2.13,2.13,2251605
2015-01-06,2.13,2.23,2.1,2.23,4650686
2015-01-07,2.23,2.31,2.21,2.26,5006484
2015-01-08,2.26,2.31,2.23,2.26,2763930
2015-01-09,2.26,2.39,2.23,2.37,9206118
2015-01-12,2.39,2.39,2.31,2.31,7154063
2015-01-13,2.31,2.37,2.29,2.37,3253655
2015-01-14,2.37,2.37,2.29,2.31,4914358
2015-01-15,2.31,2.37,2.29,2.34,2982842
2015-01-16,2.37,2.37,2.29,2.29,3599100
2015-01-19,2.31,2.34,2.29,2.29,2994408
2015-01-20,2.34,2.39,2.29,2.29,1237077
2015-01-21,2.29,2.31,2.26,2.26,1628149
2015-01-22,2.26,2.37,2.23,2.31,4962161
2015-01-23,2.31,2.39,2.31,2.37,7619052
2015-01-26,2.37,2.39,2.34,2.37,3778990
2015-01-27,2.37,2.39,2.29,2.31,5540120
2015-01-28,2.31,2.47,2.29,2.44,11699988
2015-01-29,2.44,2.47,2.39,2.44,9980570
2015-01-30,2.44,2.44,2.34,2.37,4141836
2015-02-02,2.37,2.39,2.31,2.31,3038813
2015-02-03,2.31,2.34,2.18,2.18,6801168
2015-02-04,2.18,2.26,2.18,2.23,4224298
2015-02-05,2.23,2.29,2.23,2.26,1582492
2015-02-06,2.26,2.31,2.23,2.29,1289708
2015-02-09,2.31,2.34,2.29,2.29,3052787
2015-02-10,2.29,2.34,2.29,2.31,2237836
2015-02-11,2.31,2.34,2.29,2.34,2621802
2015-02-12,2.34,2.34,2.29,2.31,1759870
2015-02-13,2.31,2.34,2.29,2.31,1482946
2015-02-24,2.34,2.39,2.34,2.39,2533654
2015-02-25,2.34,2.42,2.34,2.37,4864449
2015-02-26,2.37,2.42,2.37,2.39,2800815
2015-02-27,2.39,2.39,2.37,2.37,2097915
2015-03-02,2.37,2.37,2.34,2.34,2737765
2015-03-03,2.34,2.39,2.34,2.39,3717737
2015-03-04,2.39,2.39,2.37,2.39,2278518
2015-03-05,2.39,2.39,2.34,2.37,2186948
2015-03-06,2.37,2.39,2.34,2.34,2380895
2015-03-09,2.34,2.37,2.31,2.31,1435334
2015-03-10,2.31,2.37,2.31,2.37,1686830
2015-03-11,2.37,2.37,2.31,2.34,1409594
2015-03-12,2.34,2.34,2.29,2.34,1975379
2015-03-13,2.34,2.37,2.31,2.34,1074080
2015-03-16,2.34,2.34,2.29,2.31,1832495
2015-03-17,2.31,2.34,2.29,2.31,1559334
2015-03-18,2.29,2.31,2.26,2.29,3202308
2015-03-19,2.29,2.29,2.23,2.26,4443532
2015-03-20,2.05,2.29,2.05,2.29,1126115
2015-03-23,2.29,2.29,2.23,2.23,2771777
2015-03-24,2.23,2.23,2.21,2.21,1581442
2015-03-25,2.23,2.23,2.21,2.21,1255817
2015-03-26,2.23,2.26,2.21,2.21,2459258
2015-03-27,2.23,2.31,2.23,2.23,12084680
2015-03-30,2.23,2.29,2.21,2.23,1371960
2015-03-31,2.23,2.26,2.21,2.26,1197062
2015-04-01,2.26,2.26,2.16,2.21,2722502
2015-04-02,2.21,2.26,2.18,2.23,1425480
2015-04-03,2.23,2.23,2.21,2.21,514615
2015-04-06,2.21,2.23,2.18,2.21,1510505
2015-04-07,2.21,2.23,2.18,2.23,1378113
2015-04-08,2.23,2.23,2.21,2.21,1214405
2015-04-09,2.21,2.26,2.21,2.23,1635322
2015-04-10,2.23,2.26,2.23,2.26,1043350
2015-04-13,2.23,2.26,2.23,2.23,733444
2015-04-14,2.02,2.26,2.02,2.21,2422008
2015-04-15,2.21,2.23,2.21,2.23,1168619
2015-04-16,2.23,2.29,2.23,2.26,2024910
2015-04-17,2.26,2.29,2.23,2.26,1516355
2015-04-20,2.23,2.26,2.23,2.23,1160622
2015-04-21,2.23,2.26,2.23,2.23,1411552
2015-04-22,2.23,2.26,2.21,2.23,1312329
2015-04-23,2.23,2.26,2.21,2.21,1011813
2015-04-24,2.23,2.23,2.18,2.21,1573375
2015-04-27,2.21,2.23,2.18,2.21,1011390
2015-05-04,2.0,2.21,2.0,2.13,3533197
2015-05-05,2.1,2.16,2.1,2.13,1629990
2015-05-06,2.13,2.13,2.08,2.1,2316931
2015-05-07,2.1,2.13,2.08,2.13,1465481
2015-05-08,2.1,2.13,2.1,2.13,994075
2015-05-11,2.13,2.13,2.0,2.08,5926165
2015-05-12,2.08,2.1,1.89,2.05,10550473
2015-05-13,2.05,2.05,1.94,2.05,3614083
2015-05-14,2.02,2.05,1.97,2.05,2502430
2015-05-15,2.02,2.02,2.0,2.02,2436430
2015-05-18,1.97,2.0,1.92,1.97,4630460
2015-05-19,1.97,2.02,1.97,2.0,1596782
2015-05-20,2.0,2.05,2.0,2.02,3238221
2015-05-21,2.08,2.08,2.0,2.02,3134972
2015-05-22,2.0,2.02,2.0,2.0,2135727
2015-05-25,2.02,2.02,1.97,2.0,2240130
2015-05-26,2.0,2.08,2.0,2.05,4472008
2015-05-27,2.05,2.05,2.0,2.02,2226380
2015-05-28,2.02,2.21,2.02,2.16,9716633
2015-05-29,2.16,2.21,2.1,2.1,4124399
2015-06-01,2.1,2.18,2.1,2.13,2741526
2015-06-02,2.34,2.34,2.1,2.1,4716162
2015-06-03,2.1,2.13,2.08,2.1,1951713
2015-06-04,2.1,2.16,2.08,2.1,2368170
2015-06-05,2.1,2.16,2.1,2.13,2591697
2015-06-08,2.13,2.18,2.13,2.16,2742597
2015-06-09,2.16,2.16,2.08,2.08,2192315
2015-06-10,2.1,2.1,2.05,2.1,1921030
2015-06-11,2.31,2.31,2.1,2.13,1544690
2015-06-12,2.21,2.21,2.1,2.13,1534915
2015-06-15,2.23,2.23,2.1,2.18,6440832
2015-06-16,2.18,2.23,2.16,2.18,4139906
2015-06-17,2.18,2.18,2.13,2.16,1430828
2015-06-18,2.16,2.18,2.13,2.16,989335
2015-06-19,2.16,2.18,2.1,2.16,2311652
2015-06-22,2.13,2.18,2.13,2.18,3099190
2015-06-23,2.18,2.21,2.16,2.18,4602947
2015-06-24,2.18,2.18,2.16,2.16,666032
2015-06-25,2.16,2.18,2.13,2.16,972866
2015-06-26,2.16,2.18,2.13,2.13,2455505
2015-06-29,2.13,2.16,2.08,2.16,1488760
2015-06-30,2.16,2.16,2.1,2.16,1306284
2015-07-01,2.13,2.16,2.1,2.13,1247035
2015-07-02,2.1,2.23,2.1,2.21,6797974
2015-07-03,2.42,2.42,2.21,2.26,5980791
2015-07-06,2.47,2.47,2.23,2.29,3447832
2015-07-07,2.5,2.5,2.23,2.29,4940040
2015-07-08,2.29,2.39,2.26,2.34,11751099
2015-07-09,2.34,2.34,2.29,2.31,2642517
2015-07-10,2.31,2.37,2.31,2.34,2768049
2015-07-13,2.34,2.42,2.31,2.37,5644289
2015-07-14,2.39,2.58,2.37,2.5,20281308
2015-07-15,2.52,2.52,2.39,2.39,4984098
2015-07-16,2.39,2.44,2.31,2.39,3477741
2015-07-17,2.39,2.42,2.37,2.37,3573679
2015-07-20,2.37,2.37,2.26,2.29,5176723
2015-07-21,2.23,2.34,2.23,2.29,4800864
2015-07-22,2.26,2.34,2.26,2.34,2958465
2015-07-23,2.34,2.37,2.29,2.29,3561650
2015-07-24,2.29,2.34,2.26,2.26,2739431
2015-07-27,2.26,2.31,2.26,2.29,2846986
2015-07-28,2.29,2.31,2.26,2.26,3820157
2015-07-29,2.29,2.29,2.21,2.21,4126786
2015-07-30,2.21,2.26,2.21,2.26,1482936
2015-07-31,2.26,2.29,2.21,2.21,1508135
2015-08-03,2.0,2.21,2.0,2.16,6478944
2015-08-04,1.94,2.21,1.94,2.16,1948930
2015-08-05,2.37,2.37,2.16,2.18,2572854
2015-08-06,2.39,2.39,2.19,2.19,4058640
2015-08-07,2.19,2.25,2.17,2.22,1527011
2015-08-10,2.22,2.22,2.19,2.22,1337447
2015-08-11,2.22,2.22,2.17,2.17,2027664
2015-08-12,1.97,2.19,1.97,2.11,2695143
2015-08-13,2.31,2.31,2.05,2.11,4757113
2015-08-14,2.11,2.11,2.05,2.05,2023365
2015-08-17,2.05,2.11,2.02,2.02,5447239
2015-08-18,2.22,2.22,2.02,2.08,4231960
2015-08-19,2.28,2.28,2.05,2.05,2058090
2015-08-20,2.11,2.11,2.02,2.05,2443017
2015-08-21,2.11,2.11,1.86,2.02,13177164
2015-08-24,2.02,2.02,1.83,1.94,5250028
2015-08-25,1.86,2.0,1.86,1.97,4843497
2015-08-26,1.94,2.0,1.91,1.97,4165522
2015-08-27,1.77,2.0,1.77,1.94,2757058
2015-08-28,1.77,2.0,1.77,1.97,2987460
2015-08-31,1.97,1.97,1.91,1.91,1721138
2015-09-01,1.94,1.94,1.91,1.91,549229
2015-09-03,1.91,1.94,1.88,1.94,2719600
2015-09-04,1.94,1.94,1.91,1.91,1245145
2015-09-07,1.94,1.94,1.88,1.88,876820
2015-09-08,1.88,1.97,1.88,1.91,2688595
2015-09-09,1.74,1.97,1.74,1.94,1449390
2015-09-10,1.77,1.94,1.77,1.94,434000
2015-09-11,1.94,1.94,1.91,1.91,1816850
2015-09-14,1.91,1.94,1.88,1.88,1209358
2015-09-15,1.88,1.88,1.86,1.86,1762889
2015-09-16,1.86,1.91,1.86,1.88,788368
2015-09-17,1.88,1.91,1.86,1.88,625066
2015-09-18,1.88,1.94,1.88,1.91,1578989
2015-09-21,1.91,1.94,1.88,1.94,1197206
2015-09-22,1.94,1.97,1.91,1.97,2835383
2015-09-23,1.94,1.97,1.91,1.94,508734
2015-09-24,1.94,1.97,1.91,1.94,889966
2015-09-25,1.94,1.94,1.88,1.91,1380022
2015-09-28,1.91,1.91,1.88,1.91,1672577
2015-09-29,1.91,1.91,1.86,1.88,709897
2015-09-30,1.88,1.91,1.86,1.88,1087745
2015-10-01,1.91,1.91,1.86,1.88,658382
2015-10-02,1.88,1.88,1.86,1.88,382083
2015-10-05,1.88,1.91,1.86,1.91,1266134
2015-10-06,1.91,1.94,1.88,1.94,1634906
2015-10-07,1.94,1.94,1.88,1.91,1211857
2015-10-08,1.91,1.94,1.88,1.94,4768036
2015-10-09,1.94,1.97,1.94,1.94,2837419
2015-10-12,1.94,2.0,1.94,1.94,2034148
2015-10-13,1.97,1.97,1.91,1.94,2440995
2015-10-14,1.94,1.94,1.91,1.91,627491
2015-10-15,1.91,2.0,1.91,1.94,5956855
2015-10-16,1.94,1.97,1.91,1.94,2326643
2015-10-19,1.94,1.94,1.91,1.94,3098321
2015-10-20,1.94,1.94,1.91,1.91,1272373
2015-10-21,1.91,1.91,1.88,1.88,2744410
2015-10-22,1.88,1.94,1.88,1.91,1336132
2015-10-23,1.91,1.94,1.91,1.91,1139546
2015-10-26,1.94,1.97,1.91,1.94,4523912
2015-10-27,1.91,1.94,1.88,1.88,2869040
2015-10-28,1.91,1.91,1.86,1.88,1664385
2015-10-29,1.88,1.91,1.88,1.88,953806
2015-10-30,1.88,1.91,1.86,1.91,857330
2015-11-02,2.0,2.0,1.88,1.88,605434
2015-11-03,1.88,1.91,1.86,1.91,763554
2015-11-04,1.88,1.91,1.88,1.91,825645
2015-11-05,1.91,1.91,1.88,1.88,502277
2015-11-06,1.88,1.91,1.86,1.88,878020
2015-11-09,1.72,1.91,1.72,1.88,762920
2015-11-10,1.88,1.91,1.88,1.88,1057213
2015-11-11,1.88,1.91,1.86,1.88,795984
2015-11-12,1.88,1.88,1.86,1.88,730847
2015-11-13,1.91,1.91,1.86,1.91,2322996
2015-11-16,1.91,1.91,1.88,1.88,386414
2015-11-17,1.88,1.91,1.88,1.88,2689212
2015-11-18,1.88,1.91,1.86,1.91,814176
2015-11-19,1.91,1.91,1.86,1.88,1066628
2015-11-20,1.88,1.91,1.88,1.88,1022302
2015-11-23,1.88,1.91,1.88,1.88,1019451
2015-11-24,1.86,1.91,1.86,1.88,1348484
2015-11-25,1.88,1.88,1.86,1.88,555886
2015-11-26,1.88,1.91,1.88,1.88,1364519
2015-11-27,1.88,1.91,1.86,1.88,972226
2015-11-30,1.86,1.88,1.86,1.88,1041927
2015-12-01,1.86,1.88,1.83,1.86,1678361
2015-12-02,1.86,1.88,1.83,1.86,2947689
2015-12-03,1.86,1.86,1.83,1.83,689669
2015-12-04,1.83,1.86,1.8,1.83,2455175
2015-12-07,1.83,1.83,1.8,1.8,960442
2015-12-08,1.8,1.8,1.77,1.8,3167145
2015-12-09,1.77,1.8,1.77,1.77,1358326
2015-12-10,1.77,1.8,1.77,1.77,1162841
2015-12-11,1.77,1.8,1.77,1.8,874818
2015-12-14,1.77,1.8,1.77,1.77,1143961
2015-12-15,1.74,1.8,1.74,1.77,835123
2015-12-16,1.94,1.94,1.74,1.77,1553449
2015-12-17,1.77,1.86,1.77,1.83,1025649
2015-12-18,1.8,1.83,1.69,1.69,6983699
2015-12-21,1.86,1.86,1.74,1.77,3232803
2015-12-22,1.94,1.94,1.77,1.8,799149
2015-12-23,1.83,1.83,1.72,1.74,2383945
2015-12-24,1.74,1.77,1.74,1.74,577110
2015-12-25,1.77,1.77,1.72,1.72,850965
2015-12-28,1.74,1.74,1.69,1.72,1653142
2015-12-29,1.72,1.74,1.69,1.72,1948134
2015-12-30,1.72,1.77,1.72,1.77,1205590
2015-12-31,1.77,1.83,1.77,1.83,2804362
2016-01-04,1.83,1.86,1.77,1.8,1570069
2016-01-05,1.8,1.8,1.74,1.77,1144659
2016-01-06,1.77,1.77,1.74,1.77,1013264
2016-01-07,1.77,1.77,1.72,1.74,1897964
2016-01-08,1.72,1.74,1.69,1.72,2841942
2016-01-11,1.72,1.74,1.69,1.72,1161091
2016-01-12,1.72,1.74,1.72,1.74,1492025
2016-01-13,1.74,1.77,1.72,1.74,364400
2016-01-14,1.72,1.74,1.66,1.69,1595530
2016-01-15,1.69,1.72,1.66,1.66,1373490
2016-01-18,1.63,1.66,1.52,1.6,3653980
2016-01-19,1.57,1.66,1.57,1.63,1071025
2016-01-20,1.63,1.66,1.6,1.63,1004103
2016-01-21,1.63,1.63,1.57,1.6,1528094
2016-01-22,1.6,1.69,1.57,1.66,4710693
2016-01-25,1.69,1.77,1.66,1.77,1606873
2016-01-26,1.74,1.8,1.69,1.8,3974894
2016-01-27,1.8,1.83,1.77,1.83,1074856
2016-01-28,1.83,1.83,1.77,1.83,1972136
2016-01-29,1.83,1.83,1.77,1.83,3598684
2016-02-01,1.83,1.83,1.77,1.8,1795311
2016-02-02,1.8,1.83,1.77,1.83,773667
2016-02-03,1.83,1.83,1.8,1.8,829087
2016-02-04,1.8,1.86,1.8,1.86,895958
2016-02-05,1.86,1.88,1.83,1.88,1184725
2016-02-15,1.86,1.94,1.77,1.91,2033319
2016-02-16,1.91,2.02,1.88,1.97,3961336
2016-02-17,1.97,2.0,1.94,1.94,3146044
2016-02-18,1.94,1.97,1.94,1.97,611603
2016-02-19,1.97,1.97,1.88,1.88,1239311
2016-02-22,1.88,1.94,1.88,1.91,1777956
2016-02-23,1.91,1.94,1.88,1.88,523892
2016-02-24,1.88,1.94,1.86,1.91,1979968
2016-02-25,1.91,1.97,1.91,1.94,2559532
2016-02-26,1.91,1.94,1.91,1.94,886874
2016-02-29,1.91,1.94,1.88,1.88,320350
2016-03-01,1.91,1.94,1.88,1.94,1650784
2016-03-02,1.94,1.94,1.88,1.88,1059208
2016-03-03,1.91,1.91,1.88,1.88,1189522
2016-03-04,1.88,1.94,1.88,1.91,1972900
2016-03-07,1.91,1.91,1.88,1.88,771751
2016-03-08,1.86,1.91,1.86,1.88,833641
2016-03-09,1.88,1.91,1.86,1.88,1032931
2016-03-10,1.88,1.91,1.86,1.91,308851
2016-03-11,1.91,1.91,1.88,1.88,1209476
2016-03-14,1.88,1.91,1.86,1.86,2620065
2016-03-15,1.86,1.88,1.86,1.86,549866
2016-03-16,1.86,1.88,1.86,1.86,1161859
2016-03-17,1.86,1.91,1.86,1.88,1651330
2016-03-18,1.88,1.88,1.86,1.88,848800
2016-03-21,1.88,1.88,1.86,1.86,1230510
2016-03-22,1.86,1.88,1.83,1.88,612220
2016-03-23,1.86,1.88,1.86,1.86,146549
2016-03-24,1.86,1.88,1.86,1.86,759617
2016-03-25,1.86,1.86,1.83,1.83,1021151
2016-03-28,1.83,1.86,1.8,1.83,549183
2016-03-29,1.83,1.86,1.8,1.83,395505
2016-03-30,1.83,1.83,1.8,1.83,460085
2016-03-31,1.83,1.83,1.8,1.83,622574
2016-04-01,1.8,1.83,1.77,1.77,696991
2016-04-04,1.77,1.83,1.77,1.77,454918
2016-04-05,1.8,1.8,1.77,1.8,189908
2016-04-06,1.8,1.8,1.77,1.8,650068
2016-04-07,1.8,1.83,1.77,1.8,497103
2016-04-08,1.8,1.83,1.77,1.83,537197
2016-04-11,1.83,1.83,1.8,1.8,231974
2016-04-12,1.8,1.83,1.8,1.8,2789645
2016-04-13,1.83,1.83,1.8,1.8,2026950
2016-04-14,1.8,1.83,1.77,1.8,2017439
2016-04-15,1.83,1.83,1.8,1.83,1107831
2016-04-19,1.8,1.83,1.77,1.8,2046214
2016-04-20,1.8,1.8,1.74,1.8,1752443
2016-04-21,1.8,1.8,1.77,1.77,561408
2016-04-22,1.77,1.83,1.77,1.83,1927412
2016-04-25,1.83,1.86,1.8,1.83,538538
2016-04-26,1.83,1.83,1.77,1.8,1197446
2016-04-27,1.8,1.8,1.77,1.77,832396
2016-04-28,1.77,1.8,1.77,1.8,507431
2016-04-29,1.8,1.86,1.8,1.83,2941709
2016-05-04,1.83,1.86,1.8,1.83,2875543
2016-05-05,1.8,1.83,1.8,1.83,1251634
2016-05-06,1.8,1.86,1.8,1.8,3078343
2016-05-09,1.8,1.86,1.8,1.83,3629253
2016-05-10,1.83,1.83,1.8,1.83,1280072
2016-05-11,1.8,1.83,1.8,1.8,958671
2016-05-12,1.8,1.88,1.8,1.83,5706283
2016-05-13,1.86,1.91,1.86,1.88,5378912
2016-05-16,1.91,1.91,1.86,1.88,3042085
2016-05-17,1.88,1.91,1.86,1.88,3863373
2016-05-18,1.88,1.94,1.88,1.88,4833252
2016-05-19,1.88,1.91,1.83,1.83,4667668
2016-05-20,1.83,1.88,1.83,1.83,2330159
2016-05-23,1.86,1.86,1.83,1.83,1759602
2016-05-24,1.83,1.83,1.8,1.8,1603371
2016-05-25,1.8,1.83,1.77,1.8,2469362
2016-05-26,1.77,1.8,1.77,1.77,2860089
2016-05-27,1.77,1.8,1.77,1.8,2599132
2016-05-30,1.8,1.8,1.77,1.77,1753352
2016-05-31,1.77,1.8,1.77,1.77,2306511
2016-06-01,1.8,1.8,1.77,1.77,2066400
2016-06-02,1.77,1.8,1.77,1.77,2063524
2016-06-03,1.77,1.8,1.77,1.8,3058262
2016-06-06,1.77,1.8,1.77,1.77,2243896
2016-06-07,1.77,1.8,1.74,1.77,1950158
2016-06-08,1.77,1.8,1.77,1.8,2899099
2016-06-09,1.8,1.8,1.77,1.8,993050
2016-06-10,1.8,1.83,1.77,1.77,1656672
2016-06-13,1.77,1.8,1.77,1.77,2347869
2016-06-14,1.77,1.8,1.74,1.77,1167292
2016-06-15,1.77,1.8,1.74,1.77,1380987
2016-06-16,1.77,1.77,1.74,1.74,1027003
2016-06-17,1.77,1.77,1.74,1.74,1684862
2016-06-20,1.72,1.77,1.72,1.77,708692
2016-06-21,1.77,1.77,1.74,1.74,434395
2016-06-22,1.74,1.77,1.72,1.74,502352
2016-06-23,1.74,1.77,1.74,1.77,1355216
2016-06-24,1.77,1.77,1.66,1.72,4440796
2016-06-27,1.72,1.74,1.66,1.74,1235929
2016-06-28,1.74,1.77,1.69,1.77,1017338
2016-06-29,1.74,1.74,1.72,1.74,525024
2016-06-30,1.74,1.74,1.69,1.72,643460
2016-07-01,1.72,1.74,1.69,1.72,285246
2016-07-04,1.74,1.74,1.72,1.72,265261
2016-07-05,1.72,1.77,1.72,1.74,1348217
2016-07-06,1.74,1.8,1.74,1.77,1111364
2016-07-07,1.77,1.8,1.74,1.8,1519673
2016-07-08,1.8,1.8,1.74,1.77,801053
2016-07-11,1.74,1.77,1.72,1.74,1450757
2016-07-12,1.74,1.74,1.72,1.72,297939
2016-07-13,1.74,1.77,1.72,1.74,1159940
2016-07-14,1.74,1.77,1.74,1.77,1539857
2016-07-15,1.77,1.77,1.74,1.77,1217199
2016-07-18,1.77,1.77,1.72,1.74,1490880
2016-07-19,1.74,1.77,1.72,1.74,499392
2016-07-20,1.74,1.74,1.72,1.72,1295402
2016-07-21,1.74,1.74,1.69,1.72,370900
2016-07-22,1.72,1.74,1.69,1.72,566916
2016-07-25,1.72,1.72,1.69,1.72,392848
2016-07-26,1.72,1.72,1.69,1.72,315626
2016-07-27,1.72,1.74,1.69,1.72,1346867
2016-07-28,1.69,1.69,1.66,1.69,1927815
2016-07-29,1.69,1.72,1.66,1.69,1135037
2016-08-01,1.69,1.69,1.66,1.66,620694
2016-08-02,1.66,1.66,1.6,1.6,1799041
2016-08-03,1.6,1.63,1.6,1.6,369240
2016-08-04,1.63,1.63,1.57,1.57,1799473
2016-08-05,1.57,1.6,1.55,1.55,1655583
2016-08-08,1.55,1.57,1.46,1.52,3359571
2016-08-09,1.49,1.55,1.46,1.52,2869326
2016-08-10,1.52,1.55,1.46,1.52,3000304
2016-08-11,1.52,1.57,1.52,1.57,2325540
2016-08-12,1.57,1.6,1.55,1.57,3070697
2016-08-15,1.57,1.57,1.55,1.55,2995281
2016-08-16,1.57,1.57,1.52,1.55,2991264
2016-08-17,1.6,1.6,1.52,1.57,2723356
2016-08-18,1.55,1.57,1.52,1.52,1054316
2016-08-19,1.52,1.55,1.49,1.52,698363
2016-08-22,1.52,1.52,1.49,1.49,728541
2016-08-23,1.49,1.52,1.49,1.49,1319994
2016-08-24,1.46,1.55,1.46,1.52,1243252
2016-08-25,1.55,1.55,1.49,1.52,608678
2016-08-26,1.52,1.55,1.52,1.55,637342
2016-08-29,1.55,1.57,1.52,1.52,1805167
2016-08-30,1.52,1.52,1.49,1.52,604365
2016-08-31,1.49,1.52,1.49,1.49,985181
2016-09-01,1.49,1.49,1.46,1.46,690080
2016-09-05,1.46,1.49,1.43,1.43,1760853
2016-09-06,1.43,1.49,1.43,1.46,2117223
2016-09-07,1.46,1.49,1.46,1.46,419626
2016-09-08,1.49,1.52,1.49,1.49,1428702
2016-09-09,1.49,1.49,1.43,1.46,1608493
2016-09-12,1.43,1.46,1.41,1.41,2879327
2016-09-13,1.41,1.43,1.41,1.43,1091971
2016-09-14,1.41,1.43,1.38,1.41,1842280
2016-09-15,1.41,1.41,1.35,1.38,2493029
2016-09-16,1.38,1.38,1.29,1.29,24254270
2016-09-19,1.32,1.38,1.32,1.35,3990061
2016-09-20,1.35,1.38,1.35,1.35,1866199
2016-09-21,1.38,1.38,1.32,1.35,3673666
2016-09-22,1.38,1.38,1.32,1.32,2899729
2016-09-23,1.32,1.35,1.29,1.32,2638499
2016-09-26,1.32,1.35,1.29,1.29,3150031
2016-09-27,1.29,1.32,1.27,1.29,2468143
2016-09-28,1.27,1.32,1.27,1.27,1468918
2016-09-29,1.27,1.32,1.27,1.29,5106559
2016-09-30,1.29,1.32,1.27,1.29,1347052
2016-10-03,1.29,1.32,1.27,1.29,1094218
2016-10-04,1.29,1.29,1.27,1.27,737866
2016-10-05,1.29,1.32,1.27,1.29,2020292
2016-10-06,1.29,1.41,1.29,1.41,9327799
2016-10-07,1.43,1.46,1.35,1.38,1983154
2016-10-10,1.38,1.41,1.35,1.35,2339352
2016-10-11,1.35,1.35,1.29,1.32,2679329
2016-10-12,1.32,1.41,1.32,1.35,2428177
2016-10-13,1.35,1.38,1.35,1.38,2619690
2016-10-14,1.41,1.46,1.35,1.43,7427100
2016-10-17,1.43,1.49,1.43,1.46,3478864
2016-10-18,1.46,1.46,1.43,1.43,1669945
2016-10-19,1.46,1.57,1.43,1.57,11000487
2016-10-20,1.6,1.69,1.57,1.6,7572306
2016-10-21,1.6,1.63,1.55,1.57,3792607
2016-10-24,1.57,1.63,1.55,1.57,5615544
2016-10-25,1.57,1.57,1.52,1.55,3206088
2016-10-26,1.55,1.57,1.46,1.49,5441765
2016-10-27,1.49,1.52,1.46,1.49,1859420
2016-10-28,1.49,1.55,1.46,1.55,5242805
2016-10-31,1.55,1.6,1.52,1.52,3372863
2016-11-01,1.52,1.55,1.49,1.52,1815046
2016-11-02,1.52,1.55,1.49,1.49,2005457
2016-11-03,1.49,1.49,1.43,1.46,2522141
2016-11-04,1.46,1.49,1.43,1.49,1124144
2016-11-07,1.49,1.52,1.46,1.49,1581871
2016-11-08,1.49,1.6,1.46,1.55,9962925
2016-11-09,1.55,1.57,1.43,1.49,3811502
2016-11-10,1.49,1.55,1.49,1.55,3204013
2016-11-11,1.55,1.55,1.49,1.52,1212775
2016-11-14,1.52,1.55,1.49,1.52,1653162
2016-11-15,1.55,1.55,1.49,1.49,1780639
2016-11-16,1.49,1.55,1.49,1.49,6431443
2016-11-17,1.52,1.55,1.49,1.52,1053942
2016-11-18,1.52,1.52,1.49,1.52,408890
2016-11-21,1.52,1.52,1.49,1.49,1121803
2016-11-22,1.49,1.52,1.46,1.49,2422688
2016-11-23,1.49,1.49,1.46,1.49,682393
2016-11-24,1.49,1.49,1.46,1.46,2043641
2016-11-25,1.46,1.49,1.43,1.46,1299691
2016-11-28,1.46,1.46,1.41,1.41,2284620
2016-11-29,1.41,1.43,1.38,1.41,2976439
2016-11-30,1.43,1.46,1.43,1.46,1332443
2016-12-01,1.46,1.46,1.43,1.43,1019669
2016-12-02,1.43,1.46,1.43,1.43,618101
2016-12-05,1.43,1.43,1.41,1.41,1368428
2016-12-06,1.41,1.41,1.38,1.38,2664939
2016-12-07,1.41,1.43,1.38,1.41,5926373
2016-12-08,1.27,1.43,1.27,1.43,1721841
2016-12-09,1.41,1.43,1.32,1.38,3749310
2016-12-12,1.38,1.38,1.32,1.32,2880166
2016-12-13,1.32,1.35,1.27,1.29,2768713
2016-12-14,1.18,1.35,1.18,1.32,4834305
2016-12-15,1.35,1.35,1.32,1.32,916725
2016-12-16,1.32,1.35,1.32,1.35,2403880
2016-12-19,1.32,1.38,1.32,1.35,1209694
2016-12-20,1.35,1.38,1.35,1.38,3569130
2016-12-21,1.38,1.43,1.38,1.41,1948224
2016-12-22,1.41,1.43,1.35,1.35,3602919
2016-12-23,1.35,1.38,1.32,1.32,2099736
2016-12-26,1.35,1.35,1.32,1.32,2319747
2016-12-27,1.32,1.38,1.32,1.32,2181012
2016-12-28,1.33,1.39,1.33,1.36,1845071
2016-12-29,1.36,1.39,1.36,1.39,905919
2016-12-30,1.39,1.42,1.36,1.39,1481335
2017-01-03,1.39,1.45,1.36,1.42,3424036
2017-01-04,1.42,1.45,1.39,1.42,1839676
2017-01-05,1.42,1.42,1.39,1.39,683946
2017-01-06,1.39,1.48,1.39,1.45,3905739
2017-01-09,1.45,1.48,1.42,1.42,3517055
2017-01-10,1.42,1.45,1.39,1.45,513552
2017-01-11,1.45,1.45,1.42,1.42,1403150
2017-01-12,1.42,1.45,1.39,1.42,2234600
2017-01-13,1.45,1.45,1.42,1.45,2107883
2017-01-16,1.45,1.45,1.42,1.42,2663428
2017-01-17,1.42,1.45,1.42,1.45,1070805
2017-01-18,1.45,1.45,1.42,1.42,1541857
2017-01-19,1.39,1.42,1.39,1.39,1009240
2017-01-20,1.39,1.42,1.39,1.42,654546
2017-01-23,1.42,1.42,1.39,1.42,724581
2017-01-24,1.42,1.45,1.39,1.42,1151596
2017-01-25,1.42,1.45,1.42,1.45,656141
2017-02-02,1.45,1.45,1.42,1.42,700910
2017-02-03,1.42,1.48,1.42,1.48,3685729
2017-02-06,1.48,1.57,1.48,1.54,8008343
2017-02-07,1.54,1.57,1.51,1.51,1493316
2017-02-08,1.51,1.54,1.51,1.51,2293532
2017-02-09,1.54,1.54,1.51,1.54,2032207
2017-02-10,1.54,1.57,1.51,1.51,2624562
2017-02-13,1.51,1.54,1.48,1.54,3069020
2017-02-14,1.54,1.54,1.51,1.51,6680356
2017-02-15,1.51,1.54,1.51,1.51,2456631
2017-02-16,1.51,1.6,1.51,1.54,8386948
2017-02-17,1.54,1.57,1.51,1.54,4161091
2017-02-20,1.54,1.57,1.51,1.54,3575077
2017-02-21,1.54,1.6,1.54,1.57,6353780
2017-02-22,1.57,1.6,1.54,1.54,2198845
2017-02-23,1.54,1.57,1.51,1.54,3073740
2017-02-24,1.54,1.57,1.51,1.51,2241037
2017-02-27,1.51,1.57,1.51,1.54,5233349
2017-02-28,1.57,1.66,1.54,1.6,12481634
2017-03-01,1.63,1.63,1.57,1.6,4187307
2017-03-02,1.6,1.6,1.57,1.57,3770490
2017-03-03,1.57,1.6,1.54,1.54,3678407
2017-03-06,1.57,1.57,1.51,1.54,3546088
2017-03-07,1.54,1.57,1.51,1.54,3368583
2017-03-08,1.54,1.57,1.51,1.54,3619230
2017-03-09,1.51,1.57,1.51,1.54,2565278
2017-03-10,1.54,1.57,1.51,1.54,2363880
2017-03-13,1.54,1.57,1.51,1.51,4027495
2017-03-14,1.51,1.54,1.51,1.51,4899774
2017-03-15,1.51,1.54,1.48,1.51,3158726
2017-03-16,1.36,1.54,1.36,1.51,1841797
2017-03-17,1.48,1.57,1.48,1.51,4659876
2017-03-20,1.54,1.57,1.51,1.54,3388780
2017-03-21,1.54,1.57,1.51,1.54,2369306
2017-03-22,1.54,1.57,1.51,1.54,4597446
2017-03-23,1.54,1.57,1.51,1.57,3055002
2017-03-24,1.57,1.72,1.54,1.72,24788026
2017-03-27,1.75,1.87,1.72,1.84,14499065
2017-03-28,1.66,1.84,1.66,1.75,6732959
2017-03-29,1.75,1.78,1.72,1.75,7917176
2017-03-30,1.75,1.81,1.72,1.78,4945636
2017-03-31,1.78,1.78,1.69,1.72,4078718
2017-04-03,1.72,1.78,1.69,1.75,4317933
2017-04-04,1.75,1.81,1.75,1.81,14685721
2017-04-05,1.81,1.81,1.75,1.75,4318677
2017-04-07,1.75,1.78,1.69,1.75,7553128
2017-04-10,1.75,1.9,1.75,1.9,27138663
2017-04-11,1.93,2.09,1.93,2.06,35559669
2017-04-12,2.06,2.09,2.0,2.09,14434467
2017-04-13,2.06,2.24,2.03,2.24,16943797
2017-04-14,2.24,2.3,2.12,2.3,16133530
2017-04-17,2.3,2.36,2.15,2.18,20643839
2017-04-18,2.18,2.27,2.09,2.24,28742519
2017-04-19,2.24,2.36,2.21,2.27,23694897
2017-04-20,2.27,2.3,2.12,2.21,16274723
2017-04-21,2.21,2.3,2.18,2.3,15961444
2017-04-24,2.3,2.33,2.24,2.27,14012869
2017-04-25,2.27,2.3,2.18,2.3,25801505
2017-04-26,2.21,2.33,2.21,2.24,19256281
2017-04-27,2.24,2.36,2.21,2.27,20099535
2017-04-28,2.27,2.3,2.21,2.27,17605870
2017-05-03,2.27,2.3,2.18,2.27,18029621
2017-05-04,2.21,2.27,2.15,2.15,14850584
2017-05-05,2.18,2.24,2.12,2.21,11535019
2017-05-08,2.18,2.21,2.06,2.12,7483688
2017-05-09,2.12,2.18,2.06,2.12,10874130
2017-05-10,1.9,2.15,1.9,2.06,8076536
2017-05-11,2.09,2.12,2.03,2.06,8555990
2017-05-12,2.06,2.09,2.0,2.03,9939605
2017-05-15,2.03,2.03,1.96,2.03,8202168
2017-05-16,2.03,2.09,2.0,2.06,19638571
2017-05-17,2.06,2.12,2.03,2.12,14822163
2017-05-18,2.12,2.21,2.09,2.09,16659202
2017-05-19,2.09,2.12,2.06,2.09,11819260
2017-05-22,2.12,2.24,2.09,2.15,19339929
2017-05-23,2.15,2.15,2.06,2.06,11902642
2017-05-24,2.09,2.18,2.06,2.12,22019339
2017-05-25,2.12,2.21,2.09,2.15,15777015
2017-05-26,2.15,2.15,2.09,2.12,9427891
2017-05-29,2.12,2.15,2.09,2.09,8074754
2017-05-30,2.09,2.18,2.09,2.09,18987704
2017-05-31,2.09,2.27,2.09,2.18,31173275
2017-06-01,2.21,2.24,2.15,2.18,11374000
2017-06-02,2.21,2.24,2.15,2.21,20479700
2017-06-05,2.21,2.27,2.21,2.24,14925912
2017-06-06,2.24,2.24,2.18,2.21,20475670
2017-06-07,2.21,2.3,2.21,2.24,27471186
2017-06-08,2.27,2.27,2.18,2.21,12993759
2017-06-09,2.21,2.24,2.18,2.18,11147609
2017-06-12,2.18,2.21,2.15,2.15,10875457
2017-06-13,2.18,2.21,2.12,2.18,11504911
2017-06-14,2.18,2.21,2.18,2.21,9775143
2017-06-15,2.21,2.21,2.18,2.21,10357891
2017-06-16,2.21,2.24,2.18,2.24,7213386
2017-06-19,2.24,2.33,2.21,2.33,23465640
2017-06-20,2.33,2.42,2.3,2.36,21631803
2017-06-21,2.36,2.39,2.3,2.33,21021308
2017-06-22,2.33,2.36,2.24,2.24,14124068
2017-06-23,2.24,2.3,2.24,2.27,11271002
2017-06-26,2.27,2.3,2.24,2.27,7090883
2017-06-27,2.3,2.33,2.27,2.27,9457970
2017-06-28,2.3,2.3,2.27,2.27,7129878
2017-06-29,2.27,2.3,2.24,2.27,6426056
2017-06-30,2.27,2.3,2.27,2.3,6837585
2017-07-03,2.3,2.45,2.3,2.42,26470319
2017-07-04,2.42,2.45,2.39,2.42,11128798
2017-07-05,2.42,2.51,2.39,2.51,12406953
2017-07-06,2.51,2.57,2.48,2.57,14573179
2017-07-07,2.57,2.6,2.45,2.45,26028365
2017-07-10,2.45,2.51,2.36,2.42,24003842
2017-07-11,2.39,2.48,2.39,2.45,10091978
2017-07-12,2.51,2.51,2.42,2.45,5249162
2017-07-13,2.45,2.48,2.42,2.48,8441229
2017-07-14,2.48,2.51,2.45,2.45,11224213
2017-07-17,2.45,2.45,2.36,2.36,12719781
2017-07-18,2.39,2.39,2.3,2.39,7280289
2017-07-19,2.39,2.42,2.36,2.42,6676544
2017-07-20,2.42,2.42,2.36,2.42,4473816
2017-07-21,2.42,2.45,2.36,2.36,6528861
2017-07-24,2.36,2.39,2.3,2.36,14616680
2017-07-25,2.39,2.39,2.33,2.39,9925772
2017-07-26,2.39,2.45,2.39,2.42,10613305
2017-07-27,2.42,2.45,2.39,2.42,4852755
2017-07-28,2.42,2.48,2.39,2.42,22555300
2017-07-31,2.45,2.54,2.42,2.51,19163311
2017-08-01,2.54,2.54,2.48,2.48,6079971
2017-08-02,2.51,2.51,2.39,2.45,14199979
2017-08-03,2.45,2.48,2.42,2.45,9247526
2017-08-04,2.48,2.48,2.42,2.45,5204638
2017-08-07,2.45,2.54,2.42,2.48,15029104
2017-08-08,2.51,2.51,2.45,2.45,6068270
2017-08-09,2.45,2.48,2.36,2.39,18633813
2017-08-10,2.39,2.42,2.36,2.39,7405018
2017-08-11,2.39,2.42,2.36,2.36,4161527
2017-08-14,2.39,2.42,2.36,2.42,3868429
2017-08-15,2.42,2.42,2.39,2.39,5633127
2017-08-16,2.39,2.42,2.36,2.39,4342321
2017-08-17,2.39,2.42,2.36,2.36,10122861
2017-08-18,2.36,2.39,2.3,2.36,6487002
2017-08-21,2.36,2.39,2.33,2.33,4443687
2017-08-22,2.33,2.39,2.33,2.33,6587831
2017-08-23,2.33,2.36,2.3,2.33,3384997
2017-08-24,2.33,2.36,2.3,2.36,3675208
2017-08-25,2.36,2.39,2.33,2.36,5819763
2017-08-28,2.36,2.39,2.33,2.36,4946550
2017-08-29,2.36,2.39,2.36,2.36,4706212
2017-08-30,2.33,2.39,2.33,2.33,4854983
2017-08-31,2.36,2.42,2.33,2.39,7625965
2017-09-01,2.39,2.42,2.36,2.36,2853088
2017-09-05,2.36,2.39,2.36,2.39,2453317
2017-09-06,2.39,2.39,2.36,2.36,1960451
2017-09-07,2.36,2.39,2.36,2.39,2797301
2017-09-08,2.39,2.39,2.33,2.36,10364327
2017-09-11,2.33,2.36,2.33,2.33,5668151
2017-09-12,2.33,2.36,2.3,2.33,3900200
2017-09-13,2.33,2.36,2.33,2.33,4807696
2017-09-14,2.33,2.36,2.3,2.33,6604443
2017-09-15,2.33,2.36,2.3,2.33,2512471
2017-09-18,2.33,2.45,2.33,2.39,19586600
2017-09-19,2.39,2.45,2.39,2.39,5962592
2017-09-20,2.39,2.48,2.39,2.48,22720389
2017-09-21,2.48,2.48,2.42,2.45,8308964
2017-09-22,2.48,2.48,2.42,2.42,4262467
2017-09-25,2.42,2.48,2.39,2.45,9648413
2017-09-26,2.45,2.48,2.42,2.42,7851963
2017-09-27,2.45,2.48,2.42,2.45,6697259
2017-09-28,2.45,2.48,2.42,2.42,7563092
2017-09-29,2.18,2.45,2.18,2.42,4766981
2017-10-02,2.42,2.45,2.39,2.42,5881561
2017-10-03,2.42,2.42,2.36,2.39,6480099
2017-10-04,2.39,2.42,2.36,2.42,4304110
2017-10-05,2.42,2.45,2.39,2.42,6802424
2017-10-06,2.42,2.45,2.39,2.42,3997637
2017-10-09,2.42,2.51,2.42,2.48,16139701
2017-10-10,2.42,2.51,2.42,2.45,4144422
2017-10-11,2.45,2.51,2.45,2.48,9640837
2017-10-12,2.48,2.48,2.45,2.45,4594780
2017-10-13,2.45,2.48,2.42,2.45,4395972
2017-10-16,2.45,2.48,2.42,2.45,5150539
2017-10-17,2.45,2.51,2.42,2.51,13640310
2017-10-18,2.51,2.57,2.48,2.48,12302837
2017-10-19,2.48,2.51,2.45,2.48,4956059
2017-10-20,2.48,2.51,2.45,2.45,5767178
2017-10-23,2.45,2.48,2.39,2.42,8605317
2017-10-24,2.42,2.45,2.39,2.42,5245120
2017-10-25,2.42,2.45,2.42,2.45,2638398
2017-10-26,2.45,2.45,2.36,2.39,7433889
2017-10-27,2.39,2.42,2.36,2.42,4591384
2017-10-30,2.42,2.45,2.39,2.39,4545551
2017-10-31,2.39,2.42,2.36,2.36,3832762
2017-11-01,2.15,2.42,2.15,2.39,12190433
2017-11-02,2.42,2.42,2.36,2.36,2759769
2017-11-03,2.39,2.39,2.3,2.36,6419720
2017-11-06,2.36,2.39,2.33,2.36,6908876
2017-11-07,2.36,2.39,2.33,2.36,3671254
2017-11-08,2.15,2.42,2.15,2.39,7129844
2017-11-09,2.39,2.42,2.36,2.36,4120643
2017-11-10,2.39,2.39,2.36,2.39,3577296
2017-11-13,2.36,2.39,2.33,2.36,3907761
2017-11-14,2.36,2.42,2.33,2.39,8747657
2017-11-15,2.36,2.42,2.36,2.42,3412629
2017-11-16,2.42,2.42,2.39,2.39,7007172
2017-11-17,2.39,2.51,2.39,2.45,18790343
2017-11-20,2.45,2.48,2.42,2.45,4727218
2017-11-21,2.45,2.48,2.45,2.45,8283178
2017-11-22,2.45,2.48,2.42,2.45,9220572
2017-11-23,2.45,2.6,2.45,2.51,28981312
2017-11-24,2.45,2.54,2.45,2.51,7898728
2017-11-27,2.54,2.75,2.51,2.66,30633477
2017-11-28,2.66,2.72,2.63,2.66,14380856
2017-11-29,2.66,2.84,2.66,2.84,17731493
2017-11-30,2.87,2.9,2.81,2.84,19799410
2017-12-01,2.84,2.87,2.81,2.84,16847802
2017-12-04,2.87,2.99,2.84,2.9,37147968
2017-12-05,2.93,2.93,2.75,2.75,22930133
2017-12-06,2.75,2.84,2.69,2.81,21639597
2017-12-07,2.84,2.87,2.81,2.87,10001532
2017-12-08,2.87,2.9,2.84,2.84,9587571
2017-12-11,2.75,2.81,2.6,2.69,22119395
2017-12-12,2.72,2.75,2.48,2.63,31717574
2017-12-13,2.63,2.69,2.57,2.6,9694279
2017-12-14,2.6,2.66,2.57,2.66,7865706
2017-12-15,2.66,2.66,2.63,2.63,5814638
2017-12-18,2.66,2.78,2.66,2.78,11676917
2017-12-19,2.78,2.81,2.72,2.75,7662746
2017-12-20,2.75,2.81,2.72,2.78,8369009
2017-12-21,2.78,2.84,2.72,2.72,12821051
2017-12-22,2.72,2.75,2.69,2.72,8524130
2017-12-25,2.72,2.75,2.69,2.72,4727305
2017-12-26,2.72,2.78,2.69,2.75,6300416
2017-12-27,2.75,2.81,2.75,2.78,9739711
2017-12-28,2.81,2.81,2.75,2.78,7933861
2017-12-29,2.81,2.87,2.78,2.81,12811534
2018-01-02,2.63,2.96,2.63,2.96,23823877
2018-01-03,2.99,3.05,2.93,2.96,15784574
2018-01-04,2.99,3.02,2.93,2.96,9071873
2018-01-05,2.99,2.99,2.87,2.9,17656627
2018-01-08,2.9,3.02,2.87,3.02,16587711
2018-01-09,3.02,3.2,3.02,3.17,24929095
2018-01-10,3.17,3.26,3.02,3.17,19848231
2018-01-11,3.25,3.48,3.22,3.48,27030657
2018-01-12,3.51,3.8,3.31,3.31,58717978
2018-01-15,3.31,3.51,3.28,3.51,24540678
2018-01-16,3.51,3.61,3.35,3.44,16085367
2018-01-17,3.44,3.57,3.41,3.44,24291826
2018-01-18,3.44,3.61,3.35,3.61,28726359
2018-01-19,3.61,3.74,3.61,3.67,20391118
2018-01-22,3.7,3.74,3.64,3.7,17784739
2018-01-23,3.74,3.9,3.7,3.83,23898768
2018-01-24,3.9,3.96,3.83,3.87,14055779
2018-01-25,3.96,4.06,3.83,3.96,24905363
2018-01-26,4.0,4.06,3.93,4.03,24535202
2018-01-29,4.03,4.42,4.03,4.32,30786018
2018-01-30,4.26,4.42,4.19,4.42,22272649
2018-01-31,4.42,4.48,4.22,4.22,23146958
2018-02-01,4.22,4.29,3.93,4.03,44337317
2018-02-02,4.03,4.16,4.0,4.09,16269627
2018-02-05,4.06,4.13,3.87,3.87,20463642
2018-02-06,3.83,3.93,3.51,3.77,46248632
2018-02-07,3.83,4.13,3.83,4.06,23681715
2018-02-08,4.06,4.13,3.9,3.9,11863341
2018-02-09,3.57,4.0,3.57,3.96,22679382
2018-02-12,4.03,4.29,4.0,4.29,17536912
2018-02-13,4.32,4.39,4.19,4.22,16183013
2018-02-21,4.26,4.35,4.22,4.26,22711827
2018-02-22,4.29,4.32,4.13,4.16,21706521
2018-02-23,4.16,4.29,4.13,4.29,17889627
2018-02-26,4.32,4.42,4.22,4.22,31024645
2018-02-27,4.22,4.32,4.19,4.26,16598626
2018-02-28,4.19,4.32,4.03,4.26,15871272
2018-03-01,4.26,4.26,4.09,4.13,19129315
2018-03-02,4.09,4.16,4.03,4.13,14491541
2018-03-05,4.16,4.22,4.09,4.09,19824420
2018-03-06,4.09,4.13,4.06,4.13,16112460
2018-03-07,4.13,4.16,3.93,3.96,21042737
2018-03-08,3.96,4.03,3.93,3.96,9961556
2018-03-09,3.96,4.09,3.96,4.03,9468362
2018-03-12,4.06,4.19,4.03,4.13,14619324
2018-03-13,4.13,4.16,4.03,4.13,9590264
2018-03-14,4.16,4.29,4.13,4.22,34437210
2018-03-15,4.22,4.35,4.19,4.32,26672806
2018-03-16,4.32,4.52,4.32,4.48,27719364
2018-03-19,4.48,4.61,4.35,4.39,25184694
2018-03-20,4.35,4.45,4.32,4.39,15663556
2018-03-21,4.39,4.45,4.35,4.42,12514459
2018-03-22,4.42,4.45,4.29,4.32,18650170
2018-03-23,4.29,4.29,4.06,4.19,24972777
2018-03-26,4.19,4.35,4.16,4.32,13430245
2018-03-27,4.35,4.42,4.29,4.29,14267904
2018-03-28,4.29,4.29,4.22,4.22,9738843
2018-03-29,4.22,4.26,4.19,4.19,7599814
2018-03-30,4.19,4.22,4.13,4.19,8428429
2018-04-02,4.19,4.29,4.19,4.26,14755072
2018-04-03,4.26,4.39,4.22,4.35,15302669
2018-04-04,4.35,4.42,4.26,4.26,8898152
2018-04-05,4.26,4.32,4.22,4.29,10216115
2018-04-06,4.32,4.39,4.29,4.32,18458245
2018-04-09,4.32,4.48,4.32,4.39,29293743
2018-04-10,4.42,4.48,4.39,4.45,20093255
2018-04-11,4.45,4.52,4.35,4.39,20577857
2018-04-12,4.35,4.39,4.29,4.39,13781901
2018-04-13,4.42,4.42,4.29,4.29,14148721
2018-04-16,4.22,4.35,4.16,4.29,8418469
2018-04-17,4.29,4.35,4.26,4.32,12086091
2018-04-18,4.35,4.35,4.16,4.16,23605566
2018-04-19,4.16,4.19,4.06,4.09,17283658
2018-04-20,4.09,4.16,4.06,4.16,7301443
2018-04-23,4.16,4.19,3.83,3.83,20163549
2018-04-24,3.83,3.87,3.7,3.83,15081789
2018-04-26,3.8,3.83,3.51,3.51,12535475
2018-04-27,3.51,3.7,3.48,3.7,10558291
2018-05-02,3.7,3.77,3.51,3.54,9623370
2018-05-03,3.54,3.61,3.38,3.57,13070337
2018-05-04,3.61,3.67,3.51,3.54,10581714
2018-05-07,3.54,3.7,3.51,3.67,12703771
2018-05-08,3.67,3.7,3.57,3.57,6449461
2018-05-09,3.57,3.61,3.51,3.54,5276856
2018-05-10,3.54,3.54,3.38,3.44,9814596
2018-05-11,3.44,3.51,3.35,3.44,7512576
2018-05-14,3.48,3.51,3.41,3.48,5130847
2018-05-15,3.51,3.51,3.44,3.44,5234196
2018-05-16,3.44,3.48,3.38,3.38,5580638
2018-05-17,3.38,3.41,3.28,3.31,9749561
2018-05-18,3.31,3.35,3.22,3.25,10470158
2018-05-21,3.28,3.31,3.12,3.12,7601673
2018-05-22,3.12,3.12,2.89,2.96,18124007
2018-05-23,2.89,3.09,2.66,3.09,7739471
2018-05-24,3.09,3.09,2.96,2.96,3455058
2018-05-25,2.92,2.99,2.89,2.89,5877277
2018-05-28,2.89,2.92,2.66,2.66,13071545
2018-05-29,2.4,2.92,2.4,2.92,10324039
2018-05-30,2.96,2.99,2.86,2.89,5755530
2018-05-31,2.86,3.02,2.86,3.02,8215794
2018-06-01,3.02,3.09,2.96,2.99,10244952
2018-06-04,2.7,3.12,2.7,3.12,12232238
2018-06-05,2.83,3.22,2.83,3.12,6986622
2018-06-06,3.15,3.15,3.05,3.15,12654666
2018-06-07,3.15,3.18,3.02,3.05,7398092
2018-06-08,3.05,3.12,3.02,3.09,5251144
2018-06-11,3.05,3.09,2.99,3.02,5002362
2018-06-12,3.02,3.02,2.89,2.96,9907971
2018-06-13,2.96,3.02,2.96,2.99,2757935
2018-06-14,2.99,2.99,2.92,2.92,5805246
2018-06-15,2.92,2.96,2.89,2.96,2642891
2018-06-18,2.96,2.96,2.83,2.86,5675350
2018-06-19,2.86,2.86,2.7,2.76,12295237
2018-06-20,2.76,2.86,2.76,2.83,4370124
2018-06-21,2.57,2.83,2.57,2.79,5489576
2018-06-22,2.76,2.83,2.73,2.83,3794560
2018-06-25,2.86,2.89,2.79,2.83,4719227
2018-06-26,2.83,2.83,2.76,2.79,2673619
2018-06-27,2.76,2.83,2.76,2.76,3179158
2018-06-28,2.76,2.76,2.7,2.7,4685995
2018-06-29,2.7,2.73,2.66,2.66,5334653
2018-07-02,2.6,2.73,2.53,2.53,6516665
2018-07-03,2.5,2.6,2.37,2.37,7714388
2018-07-04,2.31,2.44,2.14,2.4,5489774
2018-07-05,2.44,2.44,2.27,2.31,5779450
2018-07-06,2.08,2.53,2.08,2.53,11075225
2018-07-09,2.53,2.63,2.44,2.5,4673551
2018-07-10,2.5,2.57,2.47,2.47,5265406
2018-07-11,2.47,2.47,2.31,2.34,8736710
2018-07-12,2.4,2.47,2.34,2.44,5970851
2018-07-13,2.44,2.57,2.44,2.5,5801552
2018-07-16,2.53,2.57,2.5,2.53,3679285
2018-07-17,2.53,2.6,2.47,2.6,7739975
2018-07-18,2.63,2.73,2.6,2.7,7651526
2018-07-19,2.66,2.73,2.44,2.66,4430485
2018-07-20,2.63,2.7,2.57,2.66,5821195
2018-07-23,2.66,2.7,2.6,2.6,5793780
2018-07-24,2.34,2.63,2.34,2.6,4388084
2018-07-25,2.57,2.66,2.57,2.57,4499177
2018-07-26,2.53,2.63,2.53,2.6,4825579
2018-07-27,2.6,2.66,2.6,2.63,3619151
2018-07-30,2.66,2.7,2.63,2.7,5095743
2018-07-31,2.7,2.7,2.63,2.63,5936283
2018-08-01,2.63,2.66,2.57,2.6,7528372
2018-08-02,2.6,2.63,2.53,2.57,4472792
2018-08-03,2.57,2.63,2.57,2.6,4771566
2018-08-06,2.6,2.63,2.57,2.57,4497965
2018-08-07,2.57,2.6,2.53,2.57,2605221
2018-08-08,2.6,2.66,2.57,2.63,5888745
2018-08-09,2.66,2.66,2.6,2.63,6283085
2018-08-10,2.63,2.66,2.6,2.63,4497910
2018-08-13,2.63,2.86,2.63,2.86,21869512
2018-08-14,2.86,2.86,2.79,2.79,6317882
2018-08-15,2.79,2.83,2.73,2.73,7321452
2018-08-16,2.73,2.76,2.63,2.7,9084550
2018-08-17,2.73,2.79,2.7,2.7,6720894
2018-08-20,2.7,2.73,2.7,2.73,3930340
2018-08-21,2.73,2.79,2.7,2.79,7871339
2018-08-22,2.79,2.86,2.73,2.76,7233148
2018-08-23,2.79,2.79,2.73,2.76,4784372
2018-08-24,2.73,2.76,2.7,2.73,5393949
2018-08-27,2.73,2.83,2.7,2.76,10847768
2018-08-28,2.79,2.89,2.79,2.83,12945555
2018-08-29,2.83,2.86,2.76,2.83,4273433
2018-08-30,2.83,2.83,2.76,2.79,4577948
2018-08-31,2.79,2.86,2.76,2.76,7019423
2018-09-04,2.76,2.79,2.7,2.7,6279816
2018-09-05,2.7,2.73,2.66,2.7,6716837
2018-09-06,2.7,2.7,2.63,2.66,4290950
2018-09-07,2.66,2.73,2.63,2.7,4178263
2018-09-10,2.73,2.73,2.66,2.66,2622182
2018-09-11,2.7,2.73,2.66,2.7,4870872
2018-09-12,2.73,2.76,2.7,2.7,6536915
2018-09-13,2.7,2.76,2.7,2.73,8261564
2018-09-14,2.76,2.76,2.73,2.76,3769095
2018-09-17,2.76,2.76,2.7,2.7,4182281
2018-09-18,2.7,2.76,2.66,2.73,15348520
2018-09-19,2.73,2.86,2.7,2.79,16324254
2018-09-20,2.79,2.86,2.76,2.83,6394385
2018-09-21,2.83,2.92,2.83,2.89,23250557
2018-09-24,2.89,2.92,2.86,2.89,7767391
2018-09-25,2.86,2.89,2.83,2.86,8040840
2018-09-26,2.86,2.89,2.83,2.86,10025776
2018-09-27,2.86,2.96,2.86,2.92,19011846
2018-09-28,2.92,3.02,2.92,2.96,11633897
2018-10-01,2.99,3.02,2.92,2.92,13940671
2018-10-02,2.92,2.96,2.89,2.89,10144784
2018-10-03,2.89,2.96,2.86,2.92,7578928
2018-10-04,2.92,2.99,2.89,2.96,5758359
2018-10-05,2.96,2.96,2.86,2.89,8841633
2018-10-08,2.89,2.89,2.83,2.86,7543352
2018-10-09,2.86,2.89,2.83,2.83,5182852
2018-10-10,2.83,2.86,2.76,2.79,8343611
2018-10-11,2.76,2.79,2.57,2.57,21401048
2018-10-12,2.57,2.7,2.5,2.7,10838545
2018-10-15,2.7,2.7,2.63,2.63,3163767
2018-10-16,2.63,2.7,2.6,2.66,3626843
2018-10-17,2.7,2.73,2.66,2.7,5370738
2018-10-18,2.6,2.7,2.44,2.63,3676400
2018-10-19,2.63,2.66,2.57,2.63,7055096
2018-10-22,2.66,2.66,2.6,2.6,5306777
2018-10-23,2.6,2.6,2.5,2.57,9114383
2018-10-24,2.53,2.6,2.53,2.53,4388897
2018-10-25,2.5,2.53,2.4,2.5,8517487
2018-10-26,2.27,2.57,2.27,2.47,5346766
2018-10-29,2.47,2.5,2.44,2.44,4183853
2018-10-30,2.44,2.47,2.37,2.44,7125481
2018-10-31,2.47,2.53,2.44,2.5,5483526
2018-11-01,2.5,2.53,2.44,2.47,3709605
2018-11-02,2.47,2.53,2.47,2.5,5316854
2018-11-05,2.5,2.53,2.47,2.5,3430884
2018-11-06,2.5,2.53,2.47,2.47,2935811
2018-11-07,2.47,2.5,2.44,2.47,2997633
2018-11-08,2.47,2.53,2.44,2.47,4822210
2018-11-09,2.47,2.47,2.4,2.44,4779756
2018-11-12,2.44,2.44,2.37,2.44,3010997
2018-11-13,2.4,2.44,2.37,2.4,2735402
2018-11-14,2.4,2.44,2.34,2.34,4316795
2018-11-15,2.37,2.4,2.34,2.34,2903475
2018-11-16,2.34,2.44,2.34,2.4,4100410
2018-11-19,2.44,2.47,2.4,2.44,2858747
2018-11-20,2.44,2.47,2.4,2.44,2310675
2018-11-21,2.44,2.44,2.4,2.44,1816031
2018-11-22,2.47,2.47,2.4,2.44,3972069
2018-11-23,2.44,2.44,2.37,2.4,1749296
2018-11-26,2.4,2.4,2.37,2.37,791986
2018-11-27,2.37,2.4,2.37,2.37,3022758
2018-11-28,2.34,2.4,2.34,2.4,3089280
2018-11-29,2.37,2.44,2.37,2.37,2690376
2018-11-30,2.37,2.44,2.37,2.44,2630374
2018-12-03,2.44,2.53,2.44,2.5,7391281
2018-12-04,2.5,2.53,2.47,2.47,3635002
2018-12-05,2.47,2.53,2.44,2.5,4585523
2018-12-06,2.5,2.53,2.44,2.47,4906744
2018-12-07,2.47,2.53,2.47,2.47,3195203
2018-12-10,2.47,2.47,2.44,2.44,2532875
2018-12-11,2.21,2.47,2.21,2.44,3845104
2018-12-12,2.21,2.5,2.21,2.5,2962046
2018-12-13,2.5,2.53,2.47,2.47,2806180
2018-12-14,2.47,2.5,2.44,2.44,2268761
2018-12-17,2.44,2.47,2.4,2.44,4123673
2018-12-18,2.44,2.44,2.37,2.4,4328711
2018-12-19,2.44,2.44,2.37,2.4,2358695
2018-12-20,2.44,2.44,2.37,2.44,3526551
2018-12-21,2.47,2.47,2.37,2.4,3683783
2018-12-24,2.4,2.44,2.37,2.37,2427568
2018-12-25,2.37,2.37,2.31,2.34,4133300
2018-12-26,2.34,2.37,2.31,2.34,2579496
2018-12-27,2.37,2.4,2.34,2.34,4084358
2018-12-28,2.34,2.4,2.34,2.34,1948512
2019-01-02,2.37,2.37,2.31,2.34,2033485
2019-01-03,2.34,2.37,2.24,2.27,6882054
2019-01-04,2.27,2.31,2.24,2.27,3820522
2019-01-07,2.31,2.34,2.27,2.34,2727864
2019-01-08,2.34,2.34,2.27,2.27,1689051
2019-01-09,2.31,2.34,2.27,2.34,3395083
2019-01-10,2.34,2.34,2.27,2.27,3572910
2019-01-11,2.27,2.31,2.27,2.27,2306683
2019-01-14,2.31,2.34,2.27,2.27,5212044
2019-01-15,2.27,2.34,2.24,2.31,3934698
2019-01-16,2.31,2.34,2.27,2.27,1316558
2019-01-17,2.31,2.31,2.27,2.27,2192409
2019-01-18,2.31,2.31,2.27,2.27,2322572
2019-01-21,2.27,2.37,2.27,2.34,7800814
2019-01-22,2.34,2.37,2.27,2.27,2980253
2019-01-23,2.27,2.34,2.27,2.31,986585
2019-01-24,2.31,2.34,2.27,2.31,3546651
2019-01-25,2.34,2.34,2.27,2.31,2046634
2019-01-28,2.34,2.34,2.27,2.31,4082476
2019-01-29,2.31,2.31,2.27,2.31,1784661
2019-01-30,2.31,2.34,2.27,2.34,3354788
2019-01-31,2.31,2.37,2.31,2.34,3127875
2019-02-01,2.31,2.34,2.31,2.34,1495350
2019-02-11,2.31,2.5,2.31,2.47,9468726
2019-02-12,2.44,2.5,2.44,2.5,7180566
2019-02-13,2.5,2.53,2.47,2.5,6728714
2019-02-14,2.5,2.57,2.47,2.57,9152025
2019-02-15,2.57,2.57,2.5,2.5,6955297
2019-02-18,2.5,2.53,2.47,2.5,5593251
2019-02-19,2.5,2.53,2.44,2.44,7813159
2019-02-20,2.44,2.5,2.44,2.44,4970891
2019-02-21,2.44,2.5,2.44,2.44,2822196
2019-02-22,2.47,2.53,2.44,2.47,5760463
2019-02-25,2.47,2.53,2.47,2.47,4821870
2019-02-26,2.5,2.5,2.44,2.47,4584332
2019-02-27,2.44,2.5,2.44,2.47,4203700
2019-02-28,2.47,2.47,2.4,2.4,4771835
2019-03-01,2.4,2.47,2.4,2.47,3959591
2019-03-04,2.44,2.5,2.44,2.47,4671322
2019-03-05,2.47,2.5,2.44,2.44,4242228
2019-03-06,2.44,2.5,2.44,2.47,4924862
2019-03-07,2.47,2.6,2.47,2.57,18895406
2019-03-08,2.57,2.57,2.5,2.53,5751186
2019-03-11,2.53,2.57,2.5,2.53,2760603
2019-03-12,2.53,2.63,2.5,2.63,12186115
2019-03-13,2.63,2.7,2.57,2.57,15340168
2019-03-14,2.57,2.63,2.57,2.57,4877970
2019-03-15,2.57,2.63,2.57,2.6,6504595
2019-03-18,2.6,2.63,2.57,2.6,4357444
2019-03-19,2.6,2.63,2.57,2.57,9026975
2019-03-20,2.57,2.57,2.5,2.53,6551630
2019-03-21,2.57,2.57,2.5,2.5,6578268
2019-03-22,2.5,2.5,2.47,2.5,4204525
2019-03-25,2.47,2.47,2.4,2.4,8605126
2019-03-26,2.4,2.47,2.4,2.4,4178627
2019-03-27,2.44,2.5,2.44,2.47,5114273
2019-03-28,2.5,2.5,2.44,2.47,2475298
2019-03-29,2.47,2.5,2.44,2.44,1433927
2019-04-01,2.47,2.5,2.44,2.5,1837471
2019-04-02,2.5,2.53,2.44,2.47,1895038
2019-04-03,2.47,2.5,2.44,2.47,701166
2019-04-04,2.47,2.47,2.44,2.47,4877249
2019-04-05,2.47,2.47,2.44,2.44,698791
2019-04-08,2.44,2.5,2.44,2.5,2864982
2019-04-09,2.5,2.5,2.44,2.44,2670693
2019-04-10,2.47,2.47,2.4,2.44,2464239
2019-04-11,2.44,2.47,2.44,2.47,1650873
2019-04-12,2.44,2.47,2.4,2.44,1590806
2019-04-16,2.44,2.47,2.37,2.47,5268355
2019-04-17,2.47,2.47,2.4,2.4,1125252
2019-04-18,2.44,2.47,2.4,2.4,2975338
2019-04-19,2.44,2.47,2.4,2.44,2359687
2019-04-22,2.47,2.47,2.4,2.44,2006486
2019-04-23,2.44,2.47,2.4,2.44,2541541
2019-04-24,2.44,2.5,2.44,2.44,7729553
2019-04-25,2.44,2.5,2.44,2.44,2022765
2019-04-26,2.21,2.47,2.21,2.44,2091608
2019-05-02,2.47,2.47,2.4,2.44,3938332
2019-05-03,2.44,2.47,2.4,2.4,2207117
2019-05-06,2.4,2.44,2.34,2.37,8405734
2019-05-07,2.4,2.44,2.37,2.37,2319566
2019-05-08,2.37,2.4,2.34,2.4,2678366
2019-05-09,2.4,2.4,2.37,2.4,1431012
2019-05-10,2.4,2.4,2.37,2.4,931795
2019-05-13,2.4,2.44,2.37,2.4,5498529
2019-05-14,2.4,2.4,2.37,2.37,1391348
2019-05-15,2.4,2.44,2.37,2.4,3929938
2019-05-16,2.4,2.44,2.37,2.4,3043754
2019-05-17,2.4,2.44,2.37,2.37,7641525
2019-05-20,2.4,2.4,2.37,2.37,2016565
2019-05-21,2.37,2.4,2.34,2.34,3331288
2019-05-22,2.34,2.4,2.31,2.34,9419235
2019-05-23,2.34,2.37,2.34,2.37,1146944
2019-05-24,2.37,2.37,2.31,2.31,2495230
2019-05-27,2.31,2.34,2.31,2.31,2308990
2019-05-28,2.31,2.34,2.27,2.31,2751465
2019-05-29,2.31,2.34,2.27,2.31,3669477
2019-05-30,2.31,2.34,2.27,2.34,3612109
2019-05-31,2.34,2.34,2.27,2.27,1627897
2019-06-03,2.31,2.31,2.24,2.27,4977725
2019-06-04,2.27,2.31,2.24,2.27,2015189
2019-06-05,2.27,2.31,2.24,2.27,1871717
2019-06-06,2.27,2.27,2.24,2.27,795858
2019-06-07,2.27,2.31,2.24,2.31,2192184
2019-06-10,2.27,2.31,2.27,2.27,889916
2019-06-11,2.27,2.31,2.24,2.27,2168461
2019-06-12,2.27,2.27,2.24,2.27,914748
2019-06-13,2.27,2.31,2.24,2.27,2616757
2019-06-14,2.24,2.31,2.24,2.27,3137283
2019-06-17,2.27,2.31,2.24,2.27,1781275
2019-06-18,2.27,2.27,2.24,2.27,1269770
2019-06-19,2.27,2.31,2.24,2.27,2515936
2019-06-20,2.24,2.31,2.24,2.31,1892082
2019-06-21,2.31,2.31,2.27,2.27,2650738
2019-06-24,2.31,2.31,2.24,2.27,2293837
2019-06-25,2.27,2.27,2.24,2.27,946565
2019-06-26,2.24,2.27,2.24,2.24,1977082
2019-06-27,2.24,2.27,2.18,2.21,7044771
2019-06-28,2.21,2.24,2.18,2.21,3873888
2019-07-01,2.21,2.24,2.21,2.21,4059470
2019-07-02,2.24,2.24,2.18,2.18,5349350
2019-07-03,2.18,2.21,2.18,2.18,923914
2019-07-04,2.21,2.24,2.18,2.21,3851297
2019-07-05,2.21,2.24,2.18,2.21,2319169
2019-07-08,2.21,2.24,2.18,2.18,767395
2019-07-09,2.21,2.21,2.18,2.18,1201769
2019-07-10,2.18,2.21,2.18,2.18,1145355
2019-07-11,2.18,2.24,2.18,2.21,3212091
2019-07-12,2.24,2.24,2.18,2.18,2234725
2019-07-15,2.21,2.21,2.18,2.18,698259
2019-07-16,2.21,2.21,2.18,2.18,2837140
2019-07-17,2.21,2.24,2.18,2.21,7431226
2019-07-18,2.21,2.24,2.18,2.21,3502537
2019-07-19,2.21,2.24,2.18,2.24,3296284
2019-07-22,2.24,2.24,2.18,2.21,3553148
2019-07-23,2.21,2.24,2.18,2.21,3123309
2019-07-24,2.21,2.27,2.21,2.21,6613100
2019-07-25,2.21,2.24,2.21,2.24,1368419
2019-07-26,2.24,2.24,2.21,2.24,4236831
2019-07-29,2.21,2.24,2.18,2.21,1478717
2019-07-30,2.21,2.21,2.14,2.14,3580677
2019-07-31,2.14,2.18,2.08,2.14,9593717
2019-08-01,2.14,2.18,2.11,2.14,2954962
2019-08-02,2.14,2.14,2.11,2.14,1128787
2019-08-05,2.14,2.14,2.08,2.11,4611097
2019-08-06,2.08,2.11,2.05,2.08,3949015
2019-08-07,2.08,2.11,2.05,2.08,2091815
2019-08-08,2.08,2.11,2.05,2.08,2085509
2019-08-09,2.08,2.11,2.08,2.08,2219241
2019-08-12,2.08,2.11,2.08,2.08,1033448
2019-08-13,2.08,2.11,2.05,2.08,1780796
2019-08-14,2.08,2.11,2.05,2.08,1961389
2019-08-15,2.08,2.08,2.01,2.05,2775767
2019-08-16,2.05,2.08,2.01,2.05,3378952
2019-08-19,2.05,2.08,2.01,2.05,2151786
2019-08-20,2.05,2.08,2.01,2.01,6238858
2019-08-21,2.01,2.01,1.98,1.98,5226753
2019-08-22,1.95,2.01,1.95,1.98,2565008
2019-08-23,1.98,2.05,1.98,2.05,5467301
2019-08-26,2.05,2.05,1.98,2.05,2997472
2019-08-27,2.05,2.08,2.01,2.05,3619470
2019-08-28,2.05,2.08,2.01,2.05,2363726
2019-08-29,2.05,2.08,2.05,2.05,1196348
2019-08-30,2.05,2.08,2.01,2.05,2124956
2019-09-03,2.08,2.08,2.01,2.01,2415703
2019-09-04,2.05,2.05,1.98,2.05,2036434
2019-09-05,2.05,2.05,2.01,2.01,1230525
2019-09-06,2.05,2.05,1.98,2.01,1402399
2019-09-09,2.01,2.01,1.98,2.01,610473
2019-09-10,2.01,2.05,1.98,2.01,1472328
2019-09-11,1.98,2.01,1.98,2.01,1086359
2019-09-12,1.98,2.05,1.98,2.01,1793992
2019-09-13,2.01,2.08,2.01,2.05,3719112
2019-09-16,2.05,2.08,2.01,2.08,2609455
2019-09-17,2.08,2.08,2.05,2.05,2114474
2019-09-18,2.08,2.08,2.05,2.05,1225628
2019-09-19,2.05,2.14,2.05,2.14,5689809
2019-09-20,2.14,2.18,2.11,2.11,2834949
2019-09-23,2.11,2.18,2.11,2.14,3423276
2019-09-24,2.14,2.14,2.11,2.11,2874692
2019-09-25,2.11,2.14,2.08,2.11,1466360
2019-09-26,2.11,2.18,2.11,2.18,3054876
2019-09-27,2.14,2.18,2.14,2.14,1976014
2019-09-30,2.14,2.21,2.14,2.14,2659011
2019-10-01,2.14,2.18,2.11,2.14,1957804
2019-10-02,2.14,2.18,2.11,2.11,1373693
2019-10-03,2.11,2.14,2.08,2.14,1753704
2019-10-04,2.14,2.14,2.11,2.11,692012
2019-10-07,2.14,2.14,2.08,2.11,1861380
2019-10-08,2.11,2.14,2.11,2.11,1642425
2019-10-09,2.11,2.18,2.11,2.11,2772198
2019-10-10,2.14,2.14,2.11,2.11,998113
2019-10-11,2.14,2.18,2.11,2.14,1798906
2019-10-14,2.14,2.21,2.14,2.18,5452508
2019-10-15,2.18,2.21,2.14,2.18,1850797
2019-10-16,2.18,2.21,2.18,2.18,2215770
2019-10-17,2.18,2.21,2.14,2.18,1327624
2019-10-18,2.18,2.18,2.11,2.14,2705778
2019-10-21,2.14,2.14,2.08,2.11,4536917
2019-10-22,2.11,2.14,2.11,2.14,1433960
2019-10-23,2.14,2.14,2.11,2.11,2654492
2019-10-24,2.11,2.14,2.11,2.14,501837
2019-10-25,2.11,2.18,2.11,2.11,2135660
2019-10-28,2.14,2.21,2.11,2.18,4877805
2019-10-29,2.21,2.24,2.14,2.14,1318977
2019-10-30,2.14,2.18,2.14,2.14,1477074
2019-10-31,2.18,2.21,2.14,2.14,4408265
2019-11-01,2.14,2.18,2.14,2.14,1985704
2019-11-04,2.14,2.24,2.14,2.18,5626319
2019-11-05,2.18,2.21,2.14,2.18,2862740
2019-11-06,2.18,2.21,2.18,2.18,2399849
2019-11-07,2.18,2.21,2.18,2.21,1742118
2019-11-08,2.21,2.24,2.18,2.21,3735401
2019-11-11,2.21,2.21,2.18,2.18,2486069
2019-11-12,2.18,2.21,2.18,2.18,1114075
2019-11-13,2.18,2.21,2.14,2.18,3882309
2019-11-14,2.18,2.18,2.14,2.14,1009919
2019-11-15,2.14,2.18,2.11,2.14,2830430
2019-11-18,2.18,2.18,2.11,2.11,2177965
2019-11-19,2.11,2.14,2.11,2.11,1034709
2019-11-20,2.14,2.14,2.11,2.14,2163539
2019-11-21,2.14,2.14,2.08,2.11,2113433
2019-11-22,2.11,2.11,2.08,2.08,2266356
2019-11-25,2.08,2.11,2.05,2.08,2104471
2019-11-26,2.08,2.11,2.08,2.08,2027069
2019-11-27,2.11,2.11,2.05,2.05,1641829
2019-11-28,2.05,2.08,2.01,2.01,1903109
2019-11-29,2.01,2.01,1.95,1.95,4491797
2019-12-02,1.95,1.98,1.92,1.92,3284751
2019-12-03,1.92,1.98,1.92,1.95,1961490
2019-12-04,1.95,2.01,1.95,1.98,1357587
2019-12-05,1.98,2.01,1.95,1.98,1714885
2019-12-06,1.98,2.01,1.95,1.98,1706660
2019-12-09,2.01,2.01,1.95,1.98,1229267
2019-12-10,1.98,1.98,1.95,1.95,1101616
2019-12-11,1.98,1.98,1.92,1.98,1188911
2019-12-12,1.98,1.98,1.95,1.95,859454
2019-12-13,1.95,1.98,1.95,1.95,1287829
2019-12-16,1.98,2.14,1.98,2.08,8212423
2019-12-17,2.08,2.11,2.01,2.05,3629055
2019-12-18,2.05,2.08,2.01,2.01,1234769
2019-12-19,2.01,2.05,1.98,2.01,2917570
2019-12-20,2.01,2.05,1.98,2.01,1645382
2019-12-23,2.01,2.05,1.98,2.01,2001002
2019-12-24,2.01,2.01,1.98,2.01,1083863
2019-12-25,2.01,2.05,1.98,2.01,1527551
2019-12-26,2.01,2.01,1.98,1.98,1602485
2019-12-27,1.98,2.08,1.98,2.08,3477811
2019-12-30,2.08,2.14,2.05,2.08,6453871
2019-12-31,2.11,2.14,2.08,2.11,3941407
2020-01-02,2.11,2.18,2.11,2.18,5266138
2020-01-03,2.18,2.18,2.11,2.11,2756634
2020-01-06,2.11,2.14,2.08,2.08,2225405
2020-01-07,2.08,2.14,2.08,2.08,1900049
2020-01-08,2.08,2.14,2.05,2.08,4952178
2020-01-09,2.11,2.18,2.08,2.11,4564607
2020-01-10,2.14,2.31,2.14,2.31,12074293
2020-01-13,2.31,2.37,2.27,2.34,6713670
2020-01-14,2.34,2.37,2.31,2.34,4214729
2020-01-15,2.34,2.4,2.31,2.4,5862093
2020-01-16,2.4,2.5,2.4,2.44,5813973
2020-01-17,2.44,2.5,2.37,2.37,5603239
2020-01-20,2.37,2.4,2.34,2.34,5686173
2020-01-21,2.31,2.47,2.31,2.4,3921607
2020-01-22,2.4,2.5,2.4,2.5,5596112
2020-01-30,2.47,2.57,2.4,2.44,9105370
2020-01-31,2.44,2.57,2.4,2.44,18935757
2020-02-03,2.37,2.57,2.37,2.57,27397994
2020-02-04,2.63,2.67,2.59,2.67,7888715
2020-02-05,2.67,2.91,2.67,2.91,13147005
2020-02-06,2.91,3.06,2.91,2.99,9104379
2020-02-07,2.99,3.03,2.79,2.79,10890679
2020-02-10,2.79,2.83,2.67,2.67,10748016
2020-02-11,2.71,2.83,2.67,2.83,9393306
2020-02-12,2.83,2.91,2.83,2.87,8981890
2020-02-13,2.87,2.87,2.75,2.83,11588530
2020-02-14,2.83,2.91,2.83,2.87,5467484
2020-02-17,2.87,2.95,2.83,2.91,6810878
2020-02-18,2.87,2.91,2.83,2.87,4349999
2020-02-19,2.87,2.87,2.75,2.75,6807758
2020-02-20,2.75,2.83,2.71,2.71,9524499
2020-02-21,2.75,2.79,2.67,2.71,4420990
2020-02-24,2.71,2.83,2.63,2.79,20882603
2020-02-25,2.75,2.91,2.71,2.87,14034831
2020-02-26,2.87,3.14,2.83,3.14,30512712
2020-02-27,3.14,3.46,3.14,3.46,18183092
2020-02-28,3.46,3.77,3.38,3.77,34257491
2020-03-02,3.73,4.13,3.58,4.13,54625808
2020-03-03,4.13,4.52,4.05,4.44,42647821
2020-03-04,4.36,4.72,4.24,4.72,50027154
2020-03-05,4.68,5.19,4.64,5.07,65589848
2020-03-06,5.07,5.11,4.72,4.87,22246933
2020-03-09,4.44,4.75,4.4,4.4,4400928
2020-03-10,3.97,4.4,3.97,3.97,14000432
2020-03-11,3.77,4.36,3.73,4.36,28794377
2020-03-12,4.36,4.52,4.24,4.4,16970413
2020-03-13,4.2,4.44,3.97,4.32,28882992
2020-03-16,4.28,4.32,4.13,4.32,8688136
2020-03-17,4.2,4.44,4.09,4.44,12201261
2020-03-18,4.32,4.72,4.32,4.68,7407963
2020-03-19,4.68,4.68,4.52,4.64,4986718
2020-03-20,4.6,4.72,4.48,4.72,6011812
2020-03-23,4.56,4.72,4.56,4.64,13749681
2020-03-24,4.6,4.72,4.56,4.68,8322806
2020-03-25,4.68,4.99,4.68,4.99,4967554
2020-03-26,4.99,5.03,4.83,4.91,4013630
2020-03-27,4.91,4.95,4.75,4.87,3671541
2020-03-30,4.79,4.79,4.56,4.68,4326720
2020-03-31,4.68,4.87,4.68,4.79,3548092
2020-04-01,4.72,5.11,4.72,5.07,3776573
2020-04-03,5.07,5.23,5.03,5.23,4185700
2020-04-06,5.11,5.74,5.11,5.74,9067705
2020-04-07,5.74,5.85,5.58,5.85,5730224
2020-04-08,5.82,6.09,5.74,6.09,6052955
2020-04-09,6.05,6.48,5.97,6.44,3893860
2020-04-10,6.4,7.07,5.89,6.88,4915216
2020-04-13,6.92,7.15,6.68,6.99,3262672
2020-04-14,6.99,6.99,6.72,6.99,5084359
2020-04-15,6.95,7.07,6.92,7.07,5145129
2020-04-16,7.07,7.07,6.88,7.03,2606662
2020-04-17,6.88,7.15,6.88,7.07,4932621
2020-04-20,7.07,7.07,6.84,6.84,4937658
2020-04-21,6.68,6.84,6.17,6.17,5584359
2020-04-22,6.09,6.6,5.7,6.37,3305313
2020-04-23,6.37,6.6,6.33,6.44,1785925
2020-04-24,6.29,6.44,6.29,6.44,1236565
2020-04-27,6.4,6.44,6.25,6.33,1674463
2020-04-28,6.33,6.33,6.05,6.29,1814591
2020-04-29,6.29,6.29,6.17,6.25,1362714
2020-05-04,6.21,6.21,6.09,6.13,1922976
2020-05-05,6.09,6.21,5.93,5.97,2449848
2020-05-06,5.97,6.09,5.82,6.09,2734983
2020-05-07,6.09,6.33,6.09,6.33,2012928
2020-05-08,6.33,6.68,6.09,6.68,3808903
2020-05-11,6.68,6.88,6.64,6.88,2107280
2020-05-12,6.88,6.88,6.72,6.8,1544029
2020-05-13,6.72,6.84,6.64,6.8,1176130
2020-05-14,6.76,6.84,6.64,6.76,2680578
2020-05-15,6.76,6.76,6.09,6.09,4373756
2020-05-18,6.09,6.09,5.5,5.85,6367453
2020-05-19,5.85,6.05,5.66,5.7,4170990
2020-05-20,5.7,5.7,5.15,5.15,6287217
2020-05-21,4.64,4.91,4.64,4.72,26292100
2020-05-22,4.72,5.19,4.52,5.19,13863233
2020-05-25,5.34,5.7,5.15,5.54,8898341
2020-05-26,5.42,5.62,5.15,5.5,9933431
2020-05-27,5.46,5.58,5.27,5.34,9628207
2020-05-28,5.34,5.62,5.27,5.54,9248948
2020-05-29,5.54,5.54,5.38,5.5,6773051
2020-06-01,5.5,5.58,5.38,5.54,9478349
2020-06-02,5.5,5.62,5.42,5.5,4778747
2020-06-03,5.5,5.97,5.42,5.97,12214182
2020-06-04,5.97,6.29,5.97,6.25,6320457
2020-06-05,6.25,6.29,6.13,6.29,5735946
2020-06-08,6.29,6.52,6.25,6.44,7691861
2020-06-09,6.37,6.48,6.33,6.33,4048463
2020-06-10,6.33,6.44,6.21,6.37,4871557
2020-06-11,6.44,6.64,6.09,6.09,11068056
2020-06-12,5.89,6.29,5.5,6.29,3997346
2020-06-15,6.29,6.44,6.09,6.21,7107827
2020-06-16,6.4,6.44,6.17,6.33,8303243
2020-06-17,6.29,6.33,5.7,5.7,5295572
2020-06-18,5.7,5.78,5.42,5.5,4087187
2020-06-19,5.5,5.78,5.5,5.78,1899304
2020-06-22,5.78,5.93,5.7,5.7,1547627
2020-06-23,5.7,5.74,5.5,5.58,3125484
2020-06-24,5.58,5.74,5.46,5.46,3058217
2020-06-25,5.46,5.62,5.34,5.62,1218440
2020-06-26,5.62,5.74,5.5,5.5,1661000
2020-06-29,5.46,5.46,5.11,5.15,1810313
2020-06-30,5.19,5.3,4.79,5.11,3048688
2020-07-01,5.11,5.27,4.83,5.19,1490369
2020-07-02,5.19,5.23,5.11,5.11,1258750
2020-07-03,5.11,5.15,5.03,5.03,1079047
2020-07-06,4.99,5.15,4.95,5.07,1669494
2020-07-07,5.07,5.27,4.72,5.15,2588555
2020-07-08,4.87,5.23,4.87,5.15,1322431
2020-07-09,5.19,5.27,5.11,5.23,2207065
2020-07-10,5.23,5.27,5.15,5.15,1245647
2020-07-13,5.19,5.19,5.07,5.11,1939520
2020-07-14,5.11,5.11,5.03,5.11,2109415
2020-07-15,5.15,5.15,5.03,5.03,2220375
2020-07-16,5.03,5.11,4.99,5.07,1813339
2020-07-17,5.07,5.19,4.99,5.11,2633880
2020-07-20,5.11,5.15,5.03,5.07,2219626
2020-07-21,5.07,5.11,4.99,5.07,2286887
2020-07-22,5.07,5.07,4.95,4.99,2032985
2020-07-23,4.99,4.99,4.79,4.79,2364132
2020-07-24,4.83,4.87,4.32,4.44,3027363
2020-07-27,4.32,4.36,4.01,4.01,5271344
2020-07-28,3.93,4.4,3.89,4.4,1999471
2020-07-29,4.44,4.83,4.05,4.68,3203580
2020-07-30,4.64,4.87,4.56,4.68,2219651
2020-07-31,4.56,4.68,4.4,4.64,2249182
2020-08-03,4.56,4.79,4.52,4.75,2448825
2020-08-04,4.83,4.95,4.75,4.95,4077299
2020-08-05,4.95,5.07,4.87,5.07,2609136
2020-08-06,5.07,5.07,4.91,5.03,2234716
2020-08-07,4.99,5.07,4.91,4.91,2302905
2020-08-10,4.91,5.03,4.91,4.99,2303126
2020-08-11,4.95,4.99,4.64,4.95,1533420
2020-08-12,4.91,4.99,4.87,4.95,1479341
2020-08-13,4.99,4.99,4.87,4.99,2493483
2020-08-14,4.99,4.99,4.75,4.91,3428998
2020-08-17,4.87,4.91,4.79,4.91,1279175
2020-08-18,4.87,4.91,4.79,4.87,1662460
2020-08-19,4.87,5.34,4.83,5.34,8288650
2020-08-20,5.3,5.46,5.23,5.27,1569654
2020-08-21,5.27,5.3,5.23,5.27,2665504
2020-08-24,5.15,5.5,5.15,5.38,3605438
2020-08-25,5.38,5.5,5.3,5.34,3263808
2020-08-26,5.34,5.38,5.27,5.27,2974127
2020-08-27,5.27,5.34,5.23,5.34,2860231
2020-08-28,5.34,5.62,5.34,5.5,7182491
2020-08-31,5.5,5.62,5.46,5.46,3840833
2020-09-01,5.58,5.58,5.42,5.54,2901069
2020-09-03,5.54,5.66,5.46,5.54,3325319
2020-09-04,5.54,5.54,5.3,5.5,2911562
2020-09-07,5.5,5.58,5.38,5.42,4914333
2020-09-08,5.42,5.46,5.34,5.42,2420180
2020-09-09,5.38,5.46,5.3,5.46,2020868
2020-09-10,5.46,5.54,5.46,5.46,2441284
2020-09-11,5.46,5.82,5.46,5.74,7119274
2020-09-14,5.74,5.82,5.62,5.7,3928684
2020-09-15,5.74,5.74,5.66,5.7,3327918
2020-09-16,5.7,5.74,5.62,5.62,2044800
2020-09-17,5.62,5.78,5.62,5.66,3230366
2020-09-18,5.66,5.74,5.66,5.7,2645106
2020-09-21,5.74,6.05,5.74,5.89,6373333
2020-09-22,5.89,6.13,5.85,6.05,6059487
2020-09-23,6.09,6.13,6.01,6.09,3871713
2020-09-24,6.09,6.13,6.01,6.05,3043715
2020-09-25,6.05,6.09,5.93,6.05,4512426
2020-09-28,6.09,6.25,6.01,6.13,2913564
2020-09-29,6.13,6.21,5.97,5.97,3785398
2020-09-30,5.97,6.05,5.93,6.05,2039515
2020-10-01,6.05,6.09,6.01,6.05,2220008
2020-10-02,6.05,6.17,5.93,6.05,5375873
2020-10-05,6.05,6.25,6.05,6.13,2325000
2020-10-06,6.17,6.17,6.05,6.05,2903600
2020-10-07,6.05,6.17,6.01,6.05,3639400
2020-10-08,6.09,6.09,5.97,6.05,2372400
2020-10-09,6.05,6.17,6.05,6.13,3677300
2020-10-12,6.13,6.25,6.05,6.09,2898400
2020-10-13,6.13,6.13,6.01,6.05,2180200
2020-10-14,6.05,6.17,6.01,6.13,3876000
2020-10-15,6.13,6.48,6.13,6.4,7859200
2020-10-16,6.4,6.52,6.33,6.37,2616200
2020-10-19,6.37,6.37,6.25,6.29,3038100
2020-10-20,6.29,6.29,6.17,6.21,2968500
2020-10-21,6.21,6.33,6.21,6.21,2205400
2020-10-22,6.25,6.25,6.13,6.17,1745800
2020-10-23,6.21,6.4,6.17,6.33,5918300
2020-10-26,6.37,6.44,6.25,6.25,3339200
2020-10-27,6.25,6.29,6.17,6.17,2651400
2020-10-28,6.13,6.17,5.89,5.89,4074800
2020-10-29,5.89,6.05,5.82,5.93,2796000
2020-10-30,5.97,6.09,5.89,6.05,1457900
2020-11-02,6.09,6.13,6.01,6.13,1635800
2020-11-03,6.17,6.21,6.13,6.21,2057800
2020-11-04,6.21,6.29,6.17,6.29,2194400
2020-11-05,6.25,6.29,6.17,6.21,2194100
2020-11-06,6.21,6.33,6.17,6.33,3303200
2020-11-09,6.33,6.68,6.29,6.68,7664200
2020-11-10,6.68,6.88,6.64,6.68,3546000
2020-11-11,6.64,6.72,6.56,6.68,2424400
2020-11-12,6.68,6.88,6.6,6.88,3558900
2020-11-13,6.88,6.88,6.72,6.8,3702300
2020-11-16,6.8,6.84,6.64,6.68,2900300
2020-11-17,6.68,6.8,6.64,6.8,3650700
2020-11-18,6.8,6.8,6.68,6.8,3214800
2020-11-19,6.8,6.8,6.64,6.72,3474500
2020-11-20,6.76,6.8,6.68,6.72,2411100
2020-11-23,6.72,6.72,6.64,6.68,2737900
2020-11-24,6.68,6.68,6.48,6.64,4967600
2020-11-25,6.64,6.8,6.52,6.72,8713900
2020-11-26,6.72,6.8,6.64,6.72,3813400
2020-11-27,6.72,6.72,6.64,6.68,2579700
2020-11-30,6.68,6.72,6.6,6.68,3498300
2020-12-01,6.6,6.92,6.52,6.8,20340600
2020-12-02,6.8,6.92,6.76,6.84,9783200
2020-12-03,6.88,6.88,6.76,6.8,4726200
2020-12-04,6.8,6.8,6.68,6.68,7670300
2020-12-07,6.68,6.76,6.64,6.72,7554800
2020-12-08,6.72,6.99,6.72,6.88,18035400
2020-12-09,6.92,6.95,6.84,6.84,6352900
2020-12-10,6.84,6.88,6.72,6.72,5317300
2020-12-11,6.72,6.84,6.68,6.8,6168645
2020-12-14,6.8,6.84,6.72,6.76,9006160
2020-12-15,6.76,6.84,6.68,6.68,6976311
2020-12-16,6.68,6.8,6.68,6.72,6660662
2020-12-17,6.76,6.88,6.68,6.72,8406219
2020-12-18,6.72,6.84,6.72,6.8,5043178
2020-12-21,6.8,7.07,6.8,7.03,12695804
2020-12-22,6.99,7.27,6.99,7.15,14807237
2020-12-23,7.15,7.15,6.88,7.07,10941030
2020-12-24,6.99,7.07,6.68,6.8,9255014
2020-12-25,6.8,6.92,6.72,6.84,8822774
2020-12-28,6.84,7.07,6.76,6.84,6659712
2020-12-29,6.84,6.88,6.68,6.76,7765160
2020-12-30,6.76,6.84,6.64,6.68,10063435
2020-12-31,6.68,6.8,6.68,6.68,6346863
2021-01-04,6.72,6.8,6.68,6.76,12479042
2021-01-05,6.76,7.19,6.72,6.95,22063855
2021-01-06,6.95,7.15,6.92,6.99,19359438
2021-01-07,6.99,7.62,6.99,7.54,43454672
2021-01-08,7.5,7.66,7.43,7.5,28633638
2021-01-11,7.5,7.62,7.39,7.39,23357720
2021-01-12,7.43,7.47,7.19,7.39,34680454
2021-01-13,7.47,7.78,7.27,7.5,65766878
2021-01-14,7.54,7.66,7.43,7.5,24754125
2021-01-15,7.54,7.7,7.47,7.54,59202831
2021-01-18,7.66,7.66,7.27,7.31,37508242
2021-01-19,7.31,7.35,6.6,6.64,53114820
2021-01-20,6.68,6.99,6.05,6.95,43360480
2021-01-21,6.95,7.11,6.8,6.99,22062662
2021-01-22,6.99,7.03,6.76,6.84,22669983
2021-01-25,6.84,6.84,6.56,6.56,24078933
2021-01-26,6.56,6.6,5.97,6.44,44996014
2021-01-27,6.44,6.48,6.05,6.13,23195032
2021-01-28,6.05,6.09,5.54,5.54,24833988
2021-01-29,4.99,5.85,4.99,5.74,32327338
2021-02-01,5.7,5.82,5.3,5.3,19798552
2021-02-02,5.23,5.82,5.19,5.78,31635547
2021-02-03,5.78,6.21,5.78,6.09,26159418
2021-02-04,6.13,6.17,5.93,6.05,15714340
2021-02-05,6.05,6.33,5.97,6.33,29418304
2021-02-08,6.29,6.4,5.82,5.93,25766919
2021-02-09,5.89,6.17,5.82,6.09,12574612
2021-02-17,6.13,6.33,6.13,6.33,19511714
2021-02-18,6.4,6.4,6.17,6.21,19041857
2021-02-19,6.17,6.33,6.09,6.25,21635265
2021-02-22,6.29,6.33,6.17,6.17,16462663
2021-02-23,6.17,6.4,6.17,6.4,31073880
2021-02-24,6.4,6.48,6.17,6.29,23352954
2021-02-25,6.29,6.37,6.13,6.25,24986950
2021-02-26,6.21,6.25,6.09,6.25,28661982
2021-03-01,6.25,6.37,6.21,6.37,25488809
2021-03-02,6.4,6.48,6.29,6.33,23396396
2021-03-03,6.33,6.37,6.25,6.33,18926418
2021-03-04,6.33,6.37,6.13,6.21,26952009
2021-03-05,6.21,6.29,6.09,6.21,20150449
2021-03-08,6.25,6.33,6.21,6.21,16097297
2021-03-09,6.25,6.25,6.13,6.17,15176186
2021-03-10,6.17,6.4,6.13,6.4,28895282
2021-03-11,6.48,6.84,6.4,6.8,58166354
2021-03-12,6.8,7.03,6.72,6.95,49120093
2021-03-15,6.99,7.23,6.95,6.99,41315736
2021-03-16,6.99,7.39,6.88,7.35,63266470
2021-03-17,7.27,7.47,7.27,7.43,44962920
2021-03-18,7.39,7.9,7.39,7.66,62469485
2021-03-19,7.66,7.74,7.43,7.7,30978861
2021-03-22,7.7,7.9,7.54,7.54,24949166
2021-03-23,7.54,7.78,7.19,7.39,36743175
2021-03-24,7.35,7.39,6.88,7.07,25709476
2021-03-25,7.07,7.19,6.99,6.99,12543927
2021-03-26,6.99,7.66,6.72,7.66,79872908
2021-03-29,7.66,8.41,7.66,8.41,55783478
2021-03-30,8.37,9.23,8.37,9.23,44819732
2021-03-31,9.23,10.14,8.84,10.1,59684975
2021-04-01,10.1,10.92,9.55,10.61,30000413
2021-04-02,10.57,11.2,10.29,10.61,46525842
2021-04-05,10.49,10.57,9.55,9.55,14666101
2021-04-06,9.55,9.82,9.08,9.74,24993925
2021-04-07,9.74,9.86,9.74,9.82,12985734
2021-04-08,9.82,9.98,9.74,9.9,18081268
2021-04-09,9.9,9.98,9.71,9.94,23788408
2021-04-12,9.98,10.02,9.86,9.98,28573210
2021-04-13,9.98,10.26,9.9,9.98,28573210
2021-04-14,9.98,10.14,9.94,10.1,17679769
2021-04-15,10.18,10.37,9.98,10.22,20874981
2021-04-16,10.22,10.37,9.63,10.14,22365826
2021-04-19,10.18,10.53,10.1,10.53,29846414
2021-04-20,10.65,10.81,10.49,10.81,30448073
2021-04-22,10.81,11.08,10.69,10.88,29907134
2021-04-23,10.81,10.84,10.18,10.61,16729333
2021-04-26,10.61,10.96,10.29,10.65,21031570
2021-04-27,10.65,10.69,10.45,10.69,13579639
2021-04-28,10.73,10.84,10.53,10.77,16572098
2021-04-29,10.73,10.77,10.61,10.77,14636258
2021-05-04,10.61,10.69,10.33,10.33,14028858
2021-05-05,10.53,10.53,10.22,10.37,18581507
2021-05-06,11.41,11.41,10.55,10.59,17944423
2021-05-07,10.63,10.63,9.94,10.59,21936466
2021-05-10,10.59,10.72,10.29,10.37,14043463
2021-05-11,10.37,10.55,10.07,10.16,18388718
2021-05-12,10.16,10.29,9.94,10.24,17572312
2021-05-13,10.24,11.24,10.24,11.24,28471876
2021-05-14,11.37,12.36,11.24,12.36,42055833
2021-05-17,12.36,13.49,12.23,12.84,40155841
2021-05-18,12.71,12.84,12.15,12.66,24267707
2021-05-19,12.62,12.75,12.36,12.71,26023306
2021-05-20,12.62,12.75,12.53,12.53,14644144
2021-05-21,12.53,12.92,12.4,12.58,27588979
2021-05-24,12.75,12.75,12.27,12.62,18250774
2021-05-25,12.62,12.71,12.4,12.71,17544026
2021-05-26,12.66,13.14,12.62,12.97,39394747
2021-05-27,13.01,13.1,12.66,12.75,22301945
2021-05-28,12.88,13.4,12.62,13.05,44350395
2021-05-31,13.05,13.36,12.92,13.14,40919609
2021-06-01,14.44,14.44,13.1,13.4,30575141
2021-06-02,13.4,13.49,13.01,13.44,26046838
2021-06-03,13.44,14.13,13.44,14.0,51622880
2021-06-04,14.0,14.26,13.61,14.05,36472895
2021-06-07,14.05,14.05,12.97,12.97,36065428
2021-06-08,14.09,14.09,11.67,12.53,53639560
2021-06-09,12.4,13.57,11.89,13.53,29915625
2021-06-10,13.53,13.61,12.75,12.75,18315795
2021-06-11,12.75,14.0,12.75,12.88,23631733
2021-06-14,12.88,13.05,12.58,12.62,19661123
2021-06-15,12.75,12.75,12.1,12.1,31348272
2021-06-16,12.1,12.66,11.67,11.67,43589427
2021-06-17,11.67,11.8,11.24,11.76,30617848
2021-06-18,11.76,12.19,11.76,11.89,16675785
2021-06-21,11.89,12.02,11.5,11.63,18229102
2021-06-22,11.67,12.66,11.63,11.76,21162101
2021-06-23,11.8,11.89,11.63,11.63,15808852
2021-06-24,11.67,11.76,11.54,11.67,12661541
2021-06-25,11.67,11.71,11.54,11.71,15032564
2021-06-28,11.76,12.23,11.76,12.1,34958907
2021-06-29,12.1,12.45,12.1,12.32,35425532
2021-06-30,12.32,12.49,12.1,12.4,17581057
2021-07-01,12.32,12.45,12.15,12.27,19107488
2021-07-02,12.32,12.53,12.27,12.53,29496567
2021-07-05,12.53,12.97,12.45,12.97,35829343
2021-07-06,12.97,13.44,12.88,12.92,38655555
2021-07-07,12.75,14.05,12.36,12.84,34134483
2021-07-08,12.84,12.88,12.15,12.15,22746934
2021-07-09,12.15,12.4,11.19,11.24,21871847
2021-07-12,11.24,11.45,10.16,10.24,41657704
2021-07-13,10.29,10.76,10.07,10.5,21975443
2021-07-14,10.5,10.81,10.29,10.76,17245281
2021-07-15,10.76,11.8,10.59,11.8,27359969
2021-07-16,11.8,12.79,11.8,12.15,30045935
2021-07-19,12.06,12.1,11.06,11.06,19096136
2021-07-20,10.59,11.71,10.59,11.71,11754712
2021-07-21,11.28,12.1,11.28,11.54,7659374
2021-07-22,11.54,11.8,11.5,11.76,8064047
2021-07-23,11.76,11.84,11.41,11.41,10152868
2021-07-26,11.24,11.45,11.15,11.41,7750519
2021-07-27,11.41,11.71,11.41,11.58,7127446
2021-07-28,11.45,11.67,11.45,11.63,7394904
2021-07-29,11.58,12.02,11.58,11.71,9107536
2021-07-30,11.76,12.06,11.71,12.02,17474815
2021-08-02,12.02,12.15,11.8,11.8,10372830
2021-08-03,11.84,11.97,11.71,11.89,10530112
2021-08-04,11.93,12.02,11.8,11.84,13563611
2021-08-05,11.89,12.58,11.8,12.45,36913810
2021-08-06,12.49,12.62,12.19,12.53,23978909
2021-08-09,12.45,12.62,12.32,12.58,15421864
2021-08-10,12.58,12.84,12.49,12.75,28369994
2021-08-11,12.79,12.84,12.53,12.53,15469094
2021-08-12,12.53,12.66,12.36,12.49,15134478
2021-08-13,12.53,12.75,12.23,12.53,17078564
2021-08-16,12.53,12.71,12.45,12.66,26444419
2021-08-17,12.71,12.92,12.62,12.75,29771155
2021-08-18,12.75,12.79,12.58,12.71,11506878
2021-08-19,12.53,12.71,12.4,12.62,21808388
2021-08-20,12.62,12.66,11.67,12.27,32443981
2021-08-23,12.15,12.32,11.8,11.84,16069204
2021-08-24,11.84,12.02,11.67,11.67,11935349
2021-08-25,11.71,11.89,11.67,11.89,8489518
2021-08-26,12.27,12.66,12.02,12.19,28398581
2021-08-27,12.15,12.15,11.8,12.06,12124011
2021-08-30,12.02,12.1,11.89,11.89,12690681
2021-08-31,11.93,12.06,11.76,11.89,15189969
2021-09-01,11.84,11.89,11.63,11.63,12686408
2021-09-06,11.67,11.8,11.37,11.45,21444525
2021-09-07,11.45,11.76,11.45,11.5,15850947
2021-09-08,11.58,11.71,11.45,11.45,14893293
2021-09-09,11.45,11.54,11.37,11.41,12386792
2021-09-10,11.45,11.58,11.37,11.37,11746156
2021-09-13,11.54,11.54,11.19,11.19,13115024
2021-09-14,11.24,11.32,10.85,11.06,12498323
2021-09-15,11.06,11.11,10.85,11.06,10257783
2021-09-16,11.11,11.45,11.06,11.28,10266560
2021-09-17,11.45,11.67,11.37,11.58,14003569
2021-09-20,11.58,11.84,11.5,11.67,14931902
2021-09-21,11.67,11.67,11.45,11.45,16902251
2021-09-22,11.45,11.58,11.32,11.45,13740928
2021-09-23,11.5,11.63,11.41,11.58,11954526
2021-09-24,11.67,11.84,11.58,11.67,20283303
2021-09-27,11.89,12.06,11.41,11.58,17038511
2021-09-28,11.58,11.58,11.32,11.41,13641929
2021-09-29,11.41,11.45,11.19,11.24,12668727
2021-09-30,11.24,11.67,11.24,11.5,10300067
2021-10-01,11.58,11.63,11.24,11.28,13507049
2021-10-04,11.28,12.19,11.28,12.19,27101295
2021-10-05,12.1,12.53,11.89,12.49,44003162
2021-10-11,12.84,13.1,12.62,13.1,50603400
2021-10-12,13.1,13.16,12.64,13.05,38137700
2021-10-13,13.12,13.12,12.75,12.97,22517900
2021-10-14,12.82,12.88,12.53,12.53,22235300
2021-10-15,12.53,12.53,11.91,11.91,29041600
2021-10-18,12.08,12.1,11.86,11.93,15712800
2021-10-19,11.97,12.32,11.8,12.1,12887400
2021-10-20,12.15,12.27,12.02,12.23,13946900
2021-10-21,12.23,12.23,11.89,11.89,10964400
2021-10-22,11.93,12.06,11.8,11.93,12410400
2021-10-25,11.93,11.93,11.58,11.65,18192600
2021-10-26,11.58,11.86,11.43,11.71,19173100
2021-10-27,11.76,11.86,11.65,11.78,12450900
2021-10-28,11.84,11.91,11.69,11.8,14163600
2021-10-29,11.84,12.08,11.71,12.08,17139200
2021-11-01,12.19,12.32,12.08,12.32,18044900
2021-11-02,12.32,12.49,12.21,12.36,18381700
2021-11-03,12.4,12.53,12.3,12.38,19643900
2021-11-04,12.38,13.18,12.38,13.18,44180500
2021-11-05,13.16,13.61,12.86,13.61,45432800
2021-11-08,13.36,13.51,13.2,13.4,18776700
2021-11-09,13.23,13.27,12.58,12.58,31609200
2021-11-10,12.58,12.79,12.36,12.58,45387300
2021-11-11,13.41,13.41,12.72,12.72,22559100
2021-11-12,12.72,12.98,12.66,12.66,11500300
2021-11-15,12.56,12.88,12.56,12.66,8563800
2021-11-16,12.56,12.8,12.56,12.61,8287900
2021-11-17,12.66,12.66,12.58,12.64,8082600
2021-11-18,12.64,12.66,12.34,12.34,8739700
2021-11-19,12.4,12.66,12.32,12.42,13161100
2021-11-22,12.58,13.17,12.53,12.88,11320000
2021-11-23,13.09,13.09,12.61,12.72,7819700
2021-11-24,12.82,13.36,12.69,13.33,26119100
2021-11-25,13.57,13.57,13.28,13.33,14796600
2021-11-26,13.36,13.57,13.2,13.33,13093400
2021-11-29,13.04,13.2,12.88,12.88,12502900
2021-11-30,13.09,13.12,12.56,12.56,17708900
2021-12-01,12.56,12.72,12.45,12.58,13484400
2021-12-02,12.69,12.72,12.53,12.58,11147000
2021-12-03,12.58,12.64,12.29,12.29,12000300
2021-12-06,12.24,12.34,11.49,11.78,13085500
2021-12-07,11.81,12.02,11.76,12.0,11061200
2021-12-08,11.92,12.24,11.78,12.24,15451800
2021-12-09,12.18,12.29,12.1,12.26,8167400
2021-12-10,12.29,12.37,12.13,12.26,8233700
2021-12-13,12.24,12.29,12.08,12.08,10769600
2021-12-14,12.1,12.16,11.86,11.86,12892000
2021-12-15,11.94,12.05,11.86,11.92,8265700
2021-12-16,12.08,12.08,11.84,11.84,7452400
2021-12-17,11.92,11.92,11.78,11.86,11440100
2021-12-20,11.81,11.94,11.67,11.67,8405800
2021-12-21,11.67,11.76,11.49,11.49,8089500
2021-12-22,11.51,11.57,11.11,11.11,15727300
2021-12-23,11.11,11.19,10.69,10.74,12232100
2021-12-24,10.79,11.49,10.79,11.49,10433200
2021-12-27,11.76,11.94,11.49,11.49,9167500
2021-12-28,11.54,11.62,11.43,11.49,10031000
2021-12-29,11.62,11.67,11.49,11.49,6901500
2021-12-30,11.54,11.57,11.43,11.43,8897000
2021-12-31,11.54,11.92,11.51,11.92,11470000
2022-01-04,12.02,12.18,11.94,12.02,12284800
2022-01-05,12.08,12.1,11.76,11.76,9735600
2022-01-06,11.76,12.02,11.59,12.02,17611400
2022-01-07,12.0,12.02,11.73,11.81,10968100
2022-01-10,11.86,12.0,11.38,11.38,8808000
2022-01-11,11.49,11.59,11.25,11.25,10186100
2022-01-12,11.27,11.86,11.11,11.86,20379700
2022-01-13,11.86,12.24,11.73,11.89,18076100
2022-01-14,11.54,12.02,11.54,12.02,13045700
2022-01-17,12.0,12.05,11.51,11.76,13097300
2022-01-18,11.43,11.7,11.01,11.01,8178700
2022-01-19,11.22,11.38,10.34,10.34,7557900
2022-01-20,10.58,11.01,10.45,10.95,10012700
2022-01-21,11.19,11.38,11.01,11.01,7067000
2022-01-24,11.01,11.33,10.98,11.01,10341700
2022-01-25,11.03,11.43,10.95,11.43,10558300
2022-01-26,11.54,11.89,11.49,11.86,15516500
2022-01-27,11.92,12.24,11.7,11.7,8719100
2022-01-28,11.7,12.02,11.7,12.02,10430600
2022-02-07,12.18,12.4,12.02,12.34,12971600
2022-02-08,12.24,12.42,12.18,12.4,11047800
2022-02-09,12.4,12.93,12.26,12.88,29219200
2022-02-10,12.74,12.85,12.61,12.61,13070400
2022-02-11,12.56,12.66,12.5,12.61,9905100
2022-02-14,12.29,12.45,11.76,11.76,19137600
2022-02-15,11.81,12.18,11.78,12.05,12320200
2022-02-16,12.1,12.21,12.0,12.08,9397700
2022-02-17,12.02,12.21,12.02,12.02,4697000
2022-02-18,12.0,12.05,11.92,11.92,9016600
2022-02-21,11.86,12.02,11.78,11.92,10414500
2022-02-22,11.76,11.97,11.65,11.78,9531900
2022-02-23,11.86,12.05,11.81,11.81,10010300
2022-02-24,11.81,11.92,11.38,11.59,12071800
2022-02-25,11.76,11.86,11.65,11.65,7373200
2022-02-28,11.67,11.7,11.57,11.57,5275500
2022-03-01,11.57,11.62,11.46,11.49,9618000
2022-03-02,11.41,11.46,11.17,11.22,14650200
2022-03-03,11.3,11.41,11.22,11.27,6319000
2022-03-04,11.38,11.62,11.33,11.41,6219500
2022-03-07,11.25,11.35,11.22,11.25,11834200
2022-03-08,11.11,11.46,11.09,11.19,13867200
2022-03-09,11.3,11.3,11.06,11.22,9773200
2022-03-10,11.38,11.49,11.25,11.25,6180400
2022-03-11,11.3,11.41,11.19,11.25,8088200
2022-03-14,11.33,11.73,11.22,11.67,21650700
2022-03-15,11.78,11.86,11.59,11.59,10352500
2022-03-16,11.62,11.73,11.51,11.62,5092100
2022-03-17,11.59,11.81,11.59,11.81,11222400
2022-03-18,11.81,11.94,11.57,11.57,10855600
2022-03-21,11.59,11.84,11.57,11.84,9584100
2022-03-22,11.81,11.89,11.76,11.78,14178100
2022-03-23,11.81,12.02,11.73,11.73,8460700
2022-03-24,11.73,11.86,11.67,11.76,5256700
2022-03-25,11.81,11.84,11.67,11.76,4405000
2022-03-28,11.76,11.76,11.41,11.43,8568600
2022-03-29,11.49,11.76,11.43,11.57,6999800
2022-03-30,11.49,11.73,11.35,11.62,7597100
2022-03-31,11.59,11.65,11.35,11.43,5595600
2022-04-01,11.27,11.86,11.27,11.81,10566600
2022-04-04,11.76,11.92,11.59,11.59,13831400
2022-04-05,11.49,11.59,11.38,11.38,8153300
2022-04-06,11.22,11.49,10.9,11.41,17364200
2022-04-07,11.27,11.41,11.01,11.03,11287000
2022-04-08,10.95,11.09,10.69,10.69,18300100
2022-04-12,10.71,10.79,10.15,10.15,9283100
2022-04-13,10.23,10.47,10.13,10.47,6053500
2022-04-14,10.58,10.77,10.5,10.5,6332900
2022-04-15,10.53,10.66,10.39,10.39,5247600
2022-04-18,10.37,10.47,9.88,10.39,9371500
2022-04-19,10.31,10.39,9.7,9.7,8090000
2022-04-20,9.62,9.86,9.03,9.03,8241200
2022-04-21,8.82,9.24,8.42,8.66,19085000
2022-04-22,8.84,9.0,8.58,8.76,10898300
2022-04-25,8.87,9.03,8.26,8.26,9262200
2022-04-26,8.07,8.5,7.88,8.44,12450900
2022-04-27,8.55,8.74,8.39,8.66,7815200
2022-04-28,8.74,8.9,8.63,8.66,4084700
2022-04-29,8.71,8.87,8.63,8.71,7934600
2022-05-04,8.84,9.14,8.76,8.92,8614400
2022-05-05,9.14,9.14,8.74,8.82,5086600
2022-05-06,8.63,8.76,8.28,8.28,5803400
2022-05-09,8.34,8.34,7.72,7.75,15576800
2022-05-10,7.48,7.88,7.43,7.85,10894600
2022-05-11,7.93,8.01,7.77,7.83,5278600
2022-05-12,7.75,7.83,7.29,7.32,11900700
2022-05-13,7.32,7.32,6.81,6.84,16984900
2022-05-16,6.95,7.21,6.49,6.49,13082500
2022-05-17,6.31,6.95,6.31,6.95,11063300
2022-05-18,7.19,7.43,7.05,7.43,6464200
2022-05-19,7.43,7.85,7.32,7.72,18992600
2022-05-20,7.75,7.91,7.64,7.88,12657800
2022-05-23,7.96,8.15,7.48,7.75,10002600
2022-05-24,7.64,7.83,7.37,7.69,11817800
2022-05-25,7.72,8.15,7.72,8.12,12425500
2022-05-26,8.23,8.28,8.04,8.07,7210100
2022-05-27,8.1,8.18,8.01,8.12,8113500
2022-05-30,8.18,8.2,8.07,8.1,9099700
2022-05-31,8.04,8.1,7.91,7.91,8480500
2022-06-01,7.93,8.12,7.91,7.93,4711500
2022-06-02,7.96,8.04,7.8,7.8,5684300
2022-06-03,7.8,7.85,7.64,7.72,4566700
2022-06-06,7.64,7.75,7.51,7.51,6839700
2022-06-07,7.51,7.51,7.16,7.29,9427800
2022-06-08,7.4,7.8,7.35,7.8,8126100
2022-06-09,7.85,7.96,7.77,7.83,3911900
2022-06-10,7.72,7.91,7.64,7.64,6049400
2022-06-13,7.37,7.53,7.21,7.21,9650800
2022-06-14,7.11,7.43,7.05,7.27,5758900
2022-06-15,7.29,7.37,6.87,7.08,5420200
2022-06-16,7.21,7.27,7.11,7.11,3930400
2022-06-17,6.95,7.0,6.63,6.92,12971900
2022-06-20,6.84,7.24,6.84,7.13,14402600
2022-06-21,7.03,7.16,6.87,6.89,3529600
2022-06-22,7.11,7.29,6.92,7.05,5018600
2022-06-23,7.08,7.27,7.05,7.24,3189200
2022-06-24,7.27,7.37,7.21,7.21,3883200
2022-06-27,7.27,7.37,7.24,7.29,3735300
2022-06-28,7.29,7.69,7.24,7.56,8319300
2022-06-29,7.45,7.61,7.43,7.48,5259600
2022-06-30,7.48,7.56,7.21,7.21,5105900
2022-07-01,7.21,7.27,6.92,7.19,6059200
2022-07-04,7.27,7.37,7.21,7.27,4560200
2022-07-05,7.27,7.56,7.27,7.37,8623000
2022-07-06,7.32,7.43,7.13,7.13,5692500
2022-07-07,7.21,7.32,7.11,7.19,3100700
2022-07-08,7.32,7.32,7.21,7.27,3333500
2022-07-11,7.24,7.27,7.03,7.13,4293000
2022-07-12,7.19,7.29,7.11,7.29,3989600
2022-07-13,7.29,7.8,7.29,7.8,36088400
2022-07-14,7.85,8.07,7.77,7.77,11649800
2022-07-15,7.83,8.15,7.77,7.83,12997800
2022-07-18,7.88,7.96,7.69,7.69,15924100
2022-07-19,7.72,7.83,7.59,7.77,9304100
2022-07-20,7.88,8.04,7.83,7.91,17291700
2022-07-21,7.85,7.99,7.8,7.83,11236500
2022-07-22,7.85,7.99,7.67,7.67,14386200
2022-07-25,7.67,7.72,7.51,7.56,8551900
2022-07-26,7.59,7.64,7.53,7.53,6259700
2022-07-27,7.51,7.72,7.51,7.64,6067200
2022-07-28,7.8,7.93,7.75,7.85,15772000
2022-07-29,7.93,7.96,7.8,7.83,11215900
2022-08-01,7.88,8.1,7.83,8.04,21057000
2022-08-02,8.07,8.26,8.01,8.07,16272900
2022-08-03,8.04,8.26,8.01,8.15,15289900
2022-08-04,8.28,8.34,8.1,8.12,15277400
2022-08-05,8.07,8.15,7.99,8.1,12959500
2022-08-08,8.12,8.23,8.04,8.1,11527500
2022-08-09,8.15,8.18,8.04,8.12,14138800
2022-08-10,8.1,8.12,8.01,8.01,8625200
2022-08-11,8.1,8.12,7.88,7.91,13812200
2022-08-12,7.88,7.99,7.85,7.96,7233900
2022-08-15,7.99,8.5,7.96,8.5,46250900
2022-08-16,8.55,8.68,8.42,8.44,12612400
2022-08-17,8.44,8.52,8.34,8.34,12712500
2022-08-18,8.28,8.42,8.26,8.28,13770400
2022-08-19,8.28,8.36,8.23,8.26,10229100
2022-08-22,8.23,8.39,8.18,8.31,11640000
2022-08-23,8.26,8.42,8.23,8.39,10067700
2022-08-24,8.39,8.47,8.36,8.36,13081600
2022-08-25,8.42,8.52,8.36,8.52,14522100
2022-08-26,8.58,8.63,8.36,8.39,13321900
2022-08-29,8.2,8.31,8.07,8.26,19244800
2022-08-30,8.31,8.42,8.23,8.23,7713600
2022-08-31,8.2,8.34,8.2,8.34,9715900
2022-09-05,8.34,8.34,8.26,8.26,5291800
2022-09-06,8.28,8.39,8.23,8.28,9125500
2022-09-07,8.31,8.31,7.83,7.83,17594300
2022-09-08,7.91,7.96,7.48,7.48,15133300
2022-09-09,7.61,7.64,7.43,7.64,8023800
2022-09-12,7.69,7.77,7.61,7.61,5509429
2022-09-13,7.61,7.69,7.59,7.69,6147609
2022-09-14,7.48,7.61,7.48,7.56,8408055
2022-09-15,7.61,7.64,7.53,7.53,5062800
2022-09-16,7.53,7.59,7.27,7.32,8212332
2022-09-19,7.32,7.37,6.95,6.95,11698166
2022-09-20,7.08,7.19,6.95,7.16,7570854
2022-09-21,7.11,7.16,7.05,7.11,4199486
2022-09-22,7.0,7.19,7.0,7.13,6577799
2022-09-23,7.13,7.19,7.0,7.0,6007218
2022-09-26,6.89,6.89,6.55,6.63,12160137
2022-09-27,6.65,6.87,6.6,6.81,7974418
2022-09-28,6.73,6.84,6.63,6.68,5242784
2022-09-29,6.79,6.84,6.63,6.63,5442550
2022-09-30,6.65,6.71,6.49,6.65,6965515
2022-10-03,6.65,6.71,6.36,6.36,8924990
2022-10-04,6.52,6.52,6.14,6.14,6494124
2022-10-05,6.25,6.36,6.22,6.25,6747955
2022-10-06,6.28,6.31,5.85,5.88,6650419
2022-10-07,5.64,5.77,5.5,5.53,15300226
2022-10-10,5.37,5.56,5.19,5.4,12951294
2022-10-11,5.29,5.37,5.02,5.02,14329371
2022-10-12,4.89,5.37,4.89,5.37,19546255
2022-10-13,5.45,5.58,5.4,5.5,10305559
2022-10-14,5.69,5.88,5.66,5.88,14550215
2022-10-17,5.88,6.2,5.8,6.14,14469787
2022-10-18,6.31,6.36,5.98,6.01,9333557
2022-10-19,6.12,6.12,5.9,5.96,6806169
2022-10-20,5.9,6.01,5.8,5.8,7303605
2022-10-21,5.82,5.93,5.42,5.48,12314979
2022-10-24,5.56,5.72,5.27,5.29,11781933
2022-10-25,5.34,5.64,5.15,5.64,14199828
2022-10-26,5.72,5.8,5.5,5.58,5842757
2022-10-27,5.58,5.96,5.58,5.96,12668000
2022-10-28,6.09,6.14,5.82,5.88,10815486
2022-10-31,5.98,6.17,5.88,6.12,12024665
2022-11-01,6.2,6.39,6.17,6.2,12826258
2022-11-02,6.2,6.25,6.01,6.04,9207784
2022-11-03,5.88,6.09,5.88,5.93,10529110
2022-11-04,5.93,6.14,5.72,6.01,16290970
2022-11-07,6.09,6.09,5.72,5.72,9618726
2022-11-08,5.72,6.01,5.69,5.96,10184227
2022-11-09,6.06,6.06,5.88,5.88,7942718
2022-11-10,5.82,5.88,5.48,5.48,14385521
2022-11-11,5.61,5.69,5.34,5.34,7231050
2022-11-14,5.34,5.37,5.01,5.09,12227950
2022-11-15,4.99,5.26,4.73,4.73,14545491
2022-11-16,4.43,5.07,4.4,5.07,19576050
2022-11-17,5.24,5.34,5.18,5.34,10124845
2022-11-18,5.37,5.45,5.16,5.4,14930327
2022-11-21,5.48,5.61,5.4,5.56,11615108
2022-11-22,5.56,5.74,5.45,5.56,15180941
2022-11-23,5.72,5.77,5.54,5.54,9597267
2022-11-24,5.53,5.56,5.33,5.45,8073871
2022-11-25,5.59,5.72,5.51,5.72,8585145
2022-11-28,5.82,6.11,5.82,6.11,14847012
2022-11-29,6.15,6.3,6.07,6.24,18847169
2022-11-30,6.24,6.3,6.15,6.21,24231037
2022-12-01,6.27,6.64,6.24,6.54,54022156
2022-12-02,6.51,6.88,6.42,6.88,27211511
2022-12-05,7.1,7.25,6.67,6.91,52095377
2022-12-06,6.94,7.07,6.45,6.45,44844334
2022-12-07,6.39,6.67,6.33,6.42,23962085
2022-12-08,6.61,6.82,6.54,6.64,24593864
2022-12-09,6.64,6.76,6.48,6.51,20271252
2022-12-12,6.58,6.88,6.45,6.45,33165354
2022-12-13,6.64,6.7,6.45,6.7,21202415
2022-12-14,6.76,6.82,6.61,6.61,21528441
2022-12-15,6.61,6.76,6.58,6.7,20483171
2022-12-16,6.61,6.91,6.58,6.67,30797210
2022-12-19,6.7,6.97,6.7,6.7,35926701
2022-12-20,6.7,6.73,6.3,6.48,31000466
2022-12-21,6.61,6.61,6.21,6.42,19533813
2022-12-22,6.51,6.64,6.39,6.45,12399983
2022-12-23,6.48,6.51,6.33,6.36,8581840
2022-12-26,6.36,6.36,5.92,5.92,21552060
2022-12-27,5.92,6.27,5.87,6.27,12937198
2022-12-28,6.33,6.33,6.14,6.21,8900921
2022-12-29,6.18,6.27,6.08,6.08,8184374
2022-12-30,6.18,6.21,6.08,6.11,5532983
2023-01-03,6.12,6.42,6.11,6.39,14687049
2023-01-04,6.39,6.51,6.33,6.33,10149238
2023-01-05,6.39,6.42,6.27,6.36,9000806
2023-01-06,6.39,6.76,6.33,6.48,33969617
2023-01-09,6.58,6.64,6.45,6.45,12636448
2023-01-10,6.48,6.54,6.39,6.45,11632857
2023-01-11,6.51,6.64,6.45,6.48,13241097
2023-01-12,6.54,6.54,6.45,6.45,12497158
2023-01-13,6.51,6.76,6.51,6.58,22156827
2023-01-16,6.61,6.64,6.54,6.58,11140734
2023-01-17,6.64,6.85,6.64,6.82,30818182
2023-01-18,6.85,6.91,6.79,6.82,16375342
2023-01-19,6.82,6.97,6.76,6.85,22846087
2023-01-27,6.97,7.01,6.85,6.88,19055074
2023-01-30,6.88,6.91,6.7,6.7,28984683
2023-01-31,6.64,6.76,6.58,6.76,24937529
2023-02-01,6.82,6.88,6.48,6.51,24702419
2023-02-02,6.51,6.58,6.39,6.42,17538507
2023-02-03,6.45,6.54,6.39,6.42,10100644
2023-02-06,6.42,6.48,6.36,6.42,7039441
2023-02-07,6.45,6.48,6.21,6.24,15624657
2023-02-08,6.27,6.33,6.15,6.24,10448859
2023-02-09,6.27,6.3,6.21,6.24,5345268
2023-02-10,6.24,6.33,6.18,6.21,7298096
2023-02-13,6.18,6.18,5.97,6.02,16376627
2023-02-14,6.08,6.11,6.03,6.05,5818888
2023-02-15,6.08,6.24,6.05,6.14,8908910
2023-02-16,6.21,6.24,6.13,6.21,6450924
2023-02-17,6.21,6.3,6.15,6.21,10180725
2023-02-20,6.21,6.48,6.21,6.45,14639763
2023-02-21,6.51,6.54,6.36,6.36,12479030
2023-02-22,6.27,6.33,6.21,6.21,13269489
2023-02-23,6.18,6.21,6.09,6.21,13943155
2023-02-24,6.24,6.27,6.11,6.12,5694847
2023-02-27,6.02,6.08,6.01,6.02,9320466
2023-02-28,6.06,6.1,6.0,6.02,5849038
2023-03-01,6.02,6.15,5.95,6.15,13442108
2023-03-02,6.18,6.21,6.08,6.08,3512982
2023-03-03,6.13,6.15,6.01,6.01,5561168
2023-03-06,6.09,6.18,6.09,6.1,6358590
2023-03-07,6.14,6.15,6.1,6.13,5404908
2023-03-08,6.04,6.21,6.04,6.18,8006901
2023-03-09,6.21,6.36,6.18,6.33,18264278
2023-03-10,6.27,6.3,6.21,6.21,7316035
2023-03-13,6.11,6.21,6.08,6.11,15612595
2023-03-14,6.11,6.27,6.1,6.13,12690256
2023-03-15,6.27,6.33,6.21,6.3,15452181
2023-03-16,6.24,6.27,6.21,6.21,10745019
2023-03-17,6.27,6.33,6.21,6.3,30925136
2023-03-20,6.27,6.27,6.1,6.15,18179291
2023-03-21,6.21,6.27,6.12,6.24,9340151
2023-03-22,6.27,6.33,6.21,6.27,12460665
2023-03-23,6.18,6.51,6.15,6.45,36746858
2023-03-24,6.51,6.54,6.39,6.45,16198033
2023-03-27,6.45,6.58,6.39,6.54,36931003
2023-03-28,6.58,6.67,6.51,6.67,30386861
2023-03-29,6.67,6.67,6.54,6.64,21935269
2023-03-30,6.67,6.67,6.51,6.51,18669381
2023-03-31,6.51,6.61,6.48,6.61,12191175
2023-04-03,6.67,6.88,6.58,6.88,63724014
2023-04-04,6.88,7.07,6.79,7.07,40570947
2023-04-05,7.01,7.16,6.94,7.1,44061466
2023-04-06,7.16,7.19,6.91,6.97,34128529
2023-04-07,6.97,7.13,6.73,7.13,30151689
2023-04-10,7.13,7.37,7.07,7.37,52964392
2023-04-11,7.31,7.47,7.16,7.22,29557523
2023-04-12,7.4,7.56,7.37,7.5,41557050
2023-04-13,7.53,7.56,7.37,7.4,19616122
2023-04-14,7.47,7.56,7.22,7.28,50053401
2023-04-17,7.22,7.31,7.1,7.25,26219125
2023-04-18,7.25,7.28,7.04,7.07,28188177
2023-04-19,7.1,7.19,6.97,6.97,34140284
2023-04-20,6.97,7.04,6.91,6.97,20754336
2023-04-21,7.01,7.07,6.82,6.82,21720390
2023-04-24,6.82,6.88,6.7,6.76,17917785
2023-04-25,6.82,6.88,6.7,6.7,11974865
2023-04-26,6.7,6.79,6.61,6.79,14543772
2023-04-27,6.91,6.94,6.79,6.79,13739714
2023-04-28,6.88,6.88,6.79,6.88,10154697
2023-05-04,6.91,6.94,6.76,6.79,12632051
2023-05-05,6.79,6.82,6.73,6.73,10770378
2023-05-08,6.79,6.91,6.76,6.88,11709217
2023-05-09,6.94,6.94,6.85,6.88,9548602
2023-05-10,6.91,7.16,6.88,7.13,23812294
2023-05-11,7.19,7.19,7.07,7.07,12875973
2023-05-12,7.07,7.13,7.01,7.13,12576636
2023-05-15,7.19,7.25,7.07,7.07,17662829
2023-05-16,7.1,7.16,7.01,7.13,20978826
2023-05-17,7.13,7.19,6.97,7.19,30174901
2023-05-18,7.19,7.19,7.07,7.13,16315927
2023-05-19,7.13,7.28,7.04,7.25,35427568
2023-05-22,7.25,7.37,7.19,7.37,32469700
2023-05-23,7.37,7.44,7.19,7.34,23595346
2023-05-24,7.37,7.37,7.22,7.28,25121090
2023-05-25,7.25,7.25,7.07,7.22,31826871
2023-05-26,7.22,7.22,7.1,7.1,20269145
2023-05-29,7.16,7.25,7.13,7.19,18601512
2023-05-30,7.19,7.25,7.16,7.22,12312804
2023-05-31,7.25,7.28,7.19,7.22,27510439
2023-06-01,7.22,7.25,7.16,7.22,20004619
2023-06-02,7.34,7.5,7.31,7.4,46115367
2023-06-05,7.53,7.62,7.44,7.59,44919861
2023-06-06,7.5,7.68,7.5,7.68,30959968
2023-06-07,7.68,7.74,7.53,7.56,40771306
2023-06-08,7.56,7.59,7.4,7.5,45933904
2023-06-09,7.53,7.53,7.34,7.47,24693268
2023-06-12,7.53,7.56,7.4,7.5,14187299
2023-06-13,7.56,7.62,7.5,7.53,20576195
2023-06-14,7.56,7.71,7.53,7.71,49016887
2023-06-15,7.68,7.74,7.56,7.65,21634958
2023-06-16,7.68,7.87,7.62,7.74,42919514
2023-06-19,7.74,7.9,7.68,7.87,39109988
2023-06-20,7.93,7.93,7.74,7.8,18454864
2023-06-21,7.84,7.87,7.74,7.8,24790509
2023-06-22,7.84,7.9,7.8,7.8,20296588
2023-06-23,7.87,7.99,7.8,7.87,21567545
2023-06-26,7.9,7.96,7.77,7.84,22112366
2023-06-27,7.84,7.9,7.77,7.8,11683467
2023-06-28,7.84,7.93,7.8,7.9,16761938
2023-06-29,7.93,7.96,7.74,7.74,16043430
2023-06-30,7.74,7.77,7.68,7.68,11533267
2023-07-03,7.71,8.05,7.71,7.96,34888242
2023-07-04,8.05,8.2,7.99,8.14,29828158
2023-07-05,8.23,8.23,8.08,8.08,16477245
2023-07-06,8.08,8.14,7.9,8.02,26821923
2023-07-07,8.08,8.33,8.02,8.3,25170478
2023-07-10,8.36,8.39,8.27,8.3,21302525
2023-07-11,8.36,8.45,8.3,8.36,20705895
2023-07-12,8.36,8.45,8.27,8.45,20325881
2023-07-13,8.45,8.51,8.39,8.48,15375759
2023-07-14,8.54,8.54,8.3,8.42,17831534
2023-07-17,8.48,8.48,8.39,8.42,12229512
2023-07-18,8.54,8.73,8.48,8.7,24226351
2023-07-19,8.76,8.79,8.66,8.66,14345461
2023-07-20,8.66,8.88,8.63,8.82,25650652
2023-07-21,8.82,8.97,8.82,8.85,37126723
2023-07-24,9.14,9.21,9.06,9.14,23615497
2023-07-25,9.21,9.35,9.1,9.14,19109323
2023-07-26,9.17,9.17,9.06,9.14,14676951
2023-07-27,9.14,9.14,8.96,9.06,20501741
2023-07-28,9.03,9.17,8.96,9.14,15331559
2023-07-31,9.14,9.21,9.06,9.14,19321019
2023-08-01,9.14,9.25,9.1,9.1,21066312
2023-08-02,9.1,9.17,9.06,9.17,19391603
2023-08-03,9.21,9.21,9.1,9.17,15688984
2023-08-04,9.21,9.64,9.17,9.64,42091364
2023-08-07,9.64,9.86,9.64,9.75,26422200
2023-08-08,9.83,9.83,9.61,9.61,23786021
2023-08-09,9.57,9.72,9.5,9.54,18467152
2023-08-10,9.54,9.61,9.35,9.39,20085634
2023-08-11,9.39,9.5,9.21,9.39,20194512
2023-08-14,9.43,9.46,9.32,9.39,21808666
2023-08-15,9.39,9.5,9.35,9.39,14749504
2023-08-16,9.39,9.5,9.32,9.35,16737240
2023-08-17,9.39,9.43,9.32,9.32,17721200
2023-08-18,9.32,9.32,8.7,8.7,37971146
2023-08-21,8.63,8.92,8.52,8.81,26215778
2023-08-22,8.85,8.88,8.52,8.77,17970077
2023-08-23,8.85,8.88,8.63,8.7,16813929
2023-08-24,8.7,8.77,8.63,8.77,14322422
2023-08-25,8.77,8.77,8.67,8.67,13015904
2023-08-28,8.7,8.81,8.67,8.77,16030936
2023-08-29,8.81,8.99,8.77,8.88,19943884
2023-08-30,8.88,8.96,8.85,8.88,14696473
2023-08-31,8.96,9.03,8.88,9.03,18945440
2023-09-05,9.06,9.35,9.06,9.17,35384822
2023-09-06,9.17,9.28,9.14,9.17,21260019
2023-09-07,9.21,9.39,9.21,9.25,35285328
2023-09-08,9.28,9.32,9.21,9.21,20592932
2023-09-11,9.28,9.28,8.92,8.92,33804831
2023-09-12,8.99,9.1,8.85,9.1,22486250
2023-09-13,9.14,9.17,8.92,8.96,20555979
2023-09-14,8.99,9.17,8.92,8.92,28082217
2023-09-15,8.99,9.06,8.85,8.85,24926647
2023-09-18,8.88,8.96,8.74,8.77,18755939
2023-09-19,8.77,8.81,8.67,8.74,25837484
2023-09-20,8.74,8.88,8.74,8.85,15655285
2023-09-21,8.85,8.88,8.7,8.74,17870538
2023-09-22,8.63,8.67,8.34,8.56,35106636
2023-09-25,8.56,8.59,7.98,7.98,25616334
2023-09-26,7.98,8.19,7.83,7.83,22012225
2023-09-27,7.87,8.05,7.69,8.05,17676958
2023-09-28,8.05,8.09,7.87,7.94,13805486
2023-09-29,8.01,8.19,7.98,8.05,9418354
2023-10-02,8.05,8.12,7.98,8.01,9459178
2023-10-03,7.98,7.98,7.54,7.65,22398769
2023-10-04,7.58,7.8,7.54,7.72,10572367
2023-10-05,7.76,7.83,7.61,7.61,9204301
2023-10-06,7.61,7.83,7.61,7.76,10547377
2023-10-09,7.76,7.83,7.72,7.8,8036128
2023-10-10,7.83,7.98,7.83,7.87,9843302
2023-10-11,7.9,7.94,7.83,7.9,5615624
2023-10-12,7.9,8.01,7.87,7.87,9664930
2023-10-13,7.87,7.87,7.76,7.83,10670437
2023-10-16,7.8,7.87,7.69,7.69,8110603
2023-10-17,7.72,7.8,7.69,7.69,6016125
2023-10-18,7.69,7.72,7.43,7.54,16584413
2023-10-19,7.54,7.69,7.43,7.47,12099006
2023-10-20,7.47,7.61,7.36,7.58,12152682
2023-10-23,7.58,7.61,7.43,7.47,10825272
2023-10-24,7.51,7.76,7.51,7.69,12198657
2023-10-25,7.72,7.76,7.61,7.65,7662672
2023-10-26,7.54,7.58,7.24,7.29,29076175
2023-10-27,7.36,7.47,7.29,7.47,11627441
2023-10-30,7.43,7.47,7.36,7.36,5741026
2023-10-31,7.4,7.47,7.32,7.32,11482157
2023-11-01,7.4,7.54,7.32,7.51,13704024
2023-11-02,7.58,7.9,7.51,7.9,19008089
2023-11-03,7.94,7.94,7.76,7.76,14079423
2023-11-06,7.83,8.01,7.76,7.98,17267330
2023-11-07,7.98,8.01,7.87,7.87,13524483
2023-11-08,7.9,8.23,7.8,8.23,24205594
2023-11-09,8.27,8.34,8.12,8.16,20241851
2023-11-10,8.12,8.19,8.01,8.09,18145467
2023-11-13,8.09,8.19,7.94,8.01,12022782
2023-11-14,8.12,8.52,8.05,8.3,32226658
2023-11-15,8.45,8.59,8.3,8.38,31716373
2023-11-16,8.34,8.41,8.27,8.41,11156487
2023-11-17,8.41,8.48,8.05,8.12,26964867
2023-11-20,7.9,8.23,7.9,8.12,17140128
2023-11-21,8.19,8.23,8.09,8.16,8857218
2023-11-22,8.12,8.19,8.09,8.19,12002729
2023-11-23,8.19,8.27,7.94,7.94,15374837
2023-11-24,8.01,8.01,7.72,7.94,17200332
2023-11-27,7.94,7.98,7.76,7.8,11096735
2023-11-28,7.83,7.9,7.69,7.87,9997645
2023-11-29,7.9,7.94,7.83,7.87,7757158
2023-11-30,7.9,7.98,7.83,7.83,10155001
2023-12-01,7.87,7.9,7.76,7.87,8204698
2023-12-04,7.9,8.12,7.87,8.05,28191636
2023-12-05,8.09,8.12,7.94,7.94,14946634
2023-12-06,7.98,8.01,7.94,7.98,14125653
2023-12-07,8.01,8.19,7.94,8.01,35310697
2023-12-08,8.01,8.12,7.94,7.98,18863399
2023-12-11,8.01,8.12,7.98,8.09,21553542
2023-12-12,8.09,8.16,8.05,8.05,20441817
2023-12-13,8.09,8.12,7.9,7.9,20476908
2023-12-14,7.94,7.98,7.83,7.83,20162971
2023-12-15,7.87,7.94,7.8,7.83,18986591
2023-12-18,7.87,7.87,7.72,7.76,13539242
2023-12-19,7.72,7.8,7.69,7.76,14407625
2023-12-20,7.8,7.83,7.72,7.76,6808288
2023-12-21,7.72,7.8,7.72,7.72,9625824
2023-12-22,7.76,7.83,7.72,7.76,10064368
2023-12-25,7.76,7.87,7.76,7.8,8686861
2023-12-26,7.83,7.87,7.76,7.76,14663627
2023-12-27,7.8,7.83,7.76,7.8,7830123
2023-12-28,7.83,7.87,7.76,7.83,9639399
2023-12-29,7.87,7.94,7.83,7.83,11759842
2024-01-02,7.9,8.05,7.87,7.94,24650546
2024-01-03,7.94,8.16,7.94,8.16,30258929
2024-01-04,8.19,8.52,8.16,8.3,61559539
2024-01-05,8.34,8.41,8.23,8.38,39868353
2024-01-08,8.45,8.52,8.38,8.48,38352791
2024-01-09,8.48,8.52,8.38,8.48,29827357
2024-01-10,8.48,8.85,8.41,8.7,94333607
2024-01-11,8.77,8.99,8.7,8.77,46158798
2024-01-12,8.63,9.03,8.59,8.92,64625731
2024-01-15,8.99,9.06,8.81,8.81,37231017
2024-01-16,8.74,8.85,8.67,8.85,34307856
2024-01-17,8.85,8.96,8.7,8.7,37169813
2024-01-18,8.7,8.77,8.67,8.74,25149958
2024-01-19,8.81,8.85,8.74,8.81,23410883
2024-01-22,8.92,8.92,8.77,8.81,31816843
2024-01-23,8.81,8.88,8.74,8.77,31046299
2024-01-24,8.77,8.99,8.74,8.85,50220966
2024-01-25,8.88,8.96,8.85,8.88,27270594
2024-01-26,8.92,8.96,8.88,8.96,21724036
2024-01-29,8.99,9.06,8.92,8.92,21325556
2024-01-30,8.92,8.96,8.85,8.92,17121371
2024-01-31,8.85,8.88,8.34,8.41,127121255
2024-02-01,8.41,8.52,8.34,8.41,20172715
2024-02-02,8.45,8.48,8.23,8.3,37987789
2024-02-05,8.27,8.59,8.27,8.52,38733629
2024-02-06,8.59,8.59,8.38,8.38,17883152
2024-02-07,8.41,8.52,8.38,8.45,22747940
2024-02-15,8.52,8.81,8.48,8.63,44497151
2024-02-16,8.7,8.77,8.59,8.63,21027857
2024-02-19,8.7,8.77,8.59,8.7,24134787
2024-02-20,8.7,8.77,8.56,8.59,23246358
2024-02-21,8.63,8.7,8.56,8.63,21828395
2024-02-22,8.7,8.96,8.67,8.77,44925666
2024-02-23,8.77,8.92,8.59,8.59,50675265
2024-02-26,8.59,8.63,8.48,8.52,29271563
2024-02-27,8.56,8.63,8.48,8.63,26098326
2024-02-28,8.67,8.67,8.56,8.63,20487601
2024-02-29,8.7,8.74,8.52,8.56,30603858
2024-03-01,8.59,8.63,8.52,8.63,27251324
2024-03-04,8.67,8.7,8.56,8.59,24841455
2024-03-05,8.59,8.63,8.48,8.59,22729306
2024-03-06,8.56,8.74,8.52,8.56,32553176
2024-03-07,8.59,8.67,8.52,8.63,20280698
2024-03-08,8.67,8.7,8.48,8.48,26203785
2024-03-11,8.48,8.48,8.23,8.27,30066232
2024-03-12,8.23,8.3,8.16,8.19,22469306
2024-03-13,8.19,8.41,8.19,8.38,14862621
2024-03-14,8.41,8.41,8.27,8.3,17681547
2024-03-15,8.3,8.34,8.23,8.27,17717722
2024-03-18,8.27,8.34,7.98,8.09,32012445
2024-03-19,8.12,8.19,8.09,8.12,11499527
2024-03-20,8.12,8.3,8.05,8.23,23453200
2024-03-21,8.3,8.38,8.23,8.3,21471698
2024-03-22,8.38,8.48,8.3,8.38,26773781
2024-03-25,8.38,8.41,8.3,8.3,20821063
2024-03-26,8.3,8.38,8.27,8.34,15221986
2024-03-27,8.34,8.41,8.3,8.34,12283088
2024-03-28,8.38,8.45,8.34,8.41,14021741
2024-03-29,8.41,8.41,8.27,8.27,18020393
2024-04-01,8.3,8.34,8.23,8.3,13439174
2024-04-02,8.27,8.27,8.16,8.27,21365971
2024-04-03,8.27,8.27,8.12,8.16,21726972
2024-04-04,8.19,8.19,8.12,8.12,14847458
2024-04-05,8.09,8.12,8.05,8.09,13626277
2024-04-08,8.09,8.12,8.01,8.05,12707592
2024-04-09,8.09,8.16,8.01,8.12,11968809
2024-04-10,8.16,8.23,8.12,8.12,9101800
2024-04-11,8.09,8.16,8.05,8.05,12384123
2024-04-12,8.12,8.19,8.05,8.19,25359876
2024-04-15,8.3,8.74,8.16,8.23,98781226
2024-04-16,8.34,8.45,8.16,8.34,33223896
2024-04-17,8.45,8.45,8.05,8.05,32449747
2024-04-19,8.12,8.23,8.05,8.09,38204965
2024-04-22,8.19,8.27,8.09,8.16,17338150
2024-04-23,8.16,8.19,7.87,7.94,31275856
2024-04-24,8.01,8.19,8.01,8.12,15696291
2024-04-25,8.12,8.16,8.05,8.05,13151406
2024-04-26,8.09,8.41,8.09,8.3,33011096
2024-05-02,8.34,8.56,8.3,8.48,31414393
2024-05-03,8.56,8.59,8.38,8.41,21217091
2024-05-06,8.45,8.52,8.41,8.52,27193768
2024-05-07,8.56,8.56,8.41,8.45,18193438
2024-05-08,8.41,8.77,8.34,8.63,59806530
2024-05-09,8.67,8.77,8.52,8.52,24170585
2024-05-10,8.56,8.59,8.41,8.41,18448761
2024-05-13,8.45,8.52,8.41,8.45,21839224
2024-05-14,8.48,8.56,8.38,8.41,16891999
2024-05-15,8.45,8.48,8.38,8.41,21590347
2024-05-16,8.48,8.59,8.45,8.59,36807608
2024-05-17,8.63,8.92,8.59,8.7,67040365
2024-05-20,8.81,8.85,8.56,8.59,36340195
2024-05-21,8.59,8.63,8.48,8.59,36875811
2024-05-22,8.63,8.63,8.45,8.45,38638991
2024-05-23,8.45,8.52,8.38,8.52,26710964
2024-05-24,8.45,8.56,8.34,8.38,39090344
2024-05-27,8.41,8.45,8.34,8.41,12441007
2024-05-28,8.41,8.48,8.38,8.48,14800418
2024-05-29,8.48,8.52,8.34,8.38,24392391
2024-05-30,8.34,8.38,8.23,8.27,25844514
2024-05-31,8.3,8.34,8.27,8.27,14567737
2024-06-03,8.34,8.52,8.3,8.45,20656500
2024-06-04,8.48,8.48,8.38,8.38,16268234
2024-06-05,8.41,8.45,8.34,8.38,19419316
2024-06-06,8.41,8.77,8.34,8.59,69375809
2024-06-07,8.63,8.7,8.52,8.56,17171677
2024-06-10,8.63,8.67,8.45,8.52,28900337
2024-06-11,8.52,8.56,8.41,8.45,22674066
2024-06-12,8.45,8.59,8.41,8.56,19876264
2024-06-13,8.63,8.77,8.52,8.7,48457514
2024-06-14,8.77,8.77,8.48,8.48,26582103
2024-06-17,8.48,8.52,8.38,8.45,22368687
2024-06-18,8.48,8.52,8.41,8.41,13225340
2024-06-19,8.45,8.48,8.34,8.41,20548329
2024-06-20,8.45,8.48,8.34,8.41,15677973
2024-06-21,8.41,8.48,8.38,8.38,11766727
2024-06-24,8.41,8.41,8.19,8.19,37135797
2024-06-25,8.27,8.3,8.23,8.27,13001870
2024-06-26,8.27,8.3,8.19,8.23,10797203
2024-06-27,8.23,8.3,8.19,8.19,11464069
2024-06-28,8.27,8.41,8.19,8.27,19716026
2024-07-01,8.27,8.45,8.27,8.41,16119924
2024-07-02,8.48,8.63,8.48,8.52,25266027
2024-07-03,8.59,8.59,8.48,8.52,11770215
2024-07-04,8.52,8.56,8.45,8.48,10475352
2024-07-05,8.48,8.56,8.45,8.52,13617175
2024-07-08,8.56,8.56,8.45,8.48,12801640
2024-07-09,8.48,8.63,8.48,8.56,18641555
2024-07-10,8.56,8.67,8.56,8.59,18893814
2024-07-11,8.63,8.67,8.56,8.59,15985123
2024-07-12,8.56,8.67,8.56,8.59,14698726
2024-07-15,8.63,8.7,8.59,8.67,23881761
2024-07-16,8.7,8.74,8.59,8.63,24496797
2024-07-17,8.63,8.81,8.56,8.59,47946998
2024-07-18,8.71,8.71,8.56,8.67,21390809
2024-07-19,8.63,8.71,8.48,8.56,23869828
2024-07-22,8.56,8.59,8.4,8.48,21594624
2024-07-23,8.48,8.52,8.33,8.33,21588613
2024-07-24,8.37,8.4,8.29,8.4,16966696
2024-07-25,8.4,8.4,8.33,8.37,8505083
2024-07-26,8.37,8.4,8.33,8.4,8541066
2024-07-29,8.4,8.44,8.33,8.37,7452267
2024-07-30,8.33,8.52,8.33,8.4,17596957
2024-07-31,8.44,8.48,8.37,8.44,11135111
2024-08-01,8.44,8.48,8.21,8.25,28801435
2024-08-02,8.25,8.25,8.06,8.21,24443090
2024-08-05,8.14,8.14,7.76,7.8,30034705
2024-08-06,7.87,7.99,7.8,7.95,19146178
2024-08-07,7.99,8.03,7.91,7.95,9215415
2024-08-08,7.95,7.99,7.84,7.87,13158437
2024-08-09,7.91,7.99,7.87,7.95,9881803
2024-08-12,7.95,7.99,7.87,7.95,7979215
2024-08-13,7.95,7.99,7.91,7.95,6492689
2024-08-14,7.95,7.99,7.91,7.91,5792725
2024-08-15,7.91,7.95,7.8,7.87,11418168
2024-08-16,7.91,8.06,7.87,8.03,15108122
2024-08-19,8.03,8.1,7.99,8.03,12407426
2024-08-20,8.03,8.1,8.03,8.06,12041311
2024-08-21,8.06,8.14,8.03,8.1,13275350
2024-08-22,8.14,8.18,8.06,8.06,9825055
2024-08-23,8.06,8.1,8.03,8.06,9032869
2024-08-26,8.14,8.18,8.03,8.03,12254206
2024-08-27,8.06,8.06,7.99,8.03,12524967
2024-08-28,8.03,8.06,7.99,8.03,8460514
2024-08-29,8.03,8.1,7.99,7.99,14117706
2024-08-30,7.99,8.03,7.99,7.99,7782317
2024-09-04,7.99,7.99,7.84,7.87,16236547
2024-09-05,7.91,7.95,7.84,7.87,11363304
2024-09-06,7.87,7.91,7.8,7.84,12275788
2024-09-09,7.84,7.87,7.8,7.84,9614612
2024-09-10,7.87,7.91,7.76,7.8,12427280
2024-09-11,7.8,7.84,7.76,7.8,8877474
2024-09-12,7.84,7.87,7.8,7.84,5351436
2024-09-13,7.84,7.87,7.8,7.8,3784988
2024-09-16,7.8,7.84,7.76,7.76,7835768
2024-09-17,7.76,7.87,7.72,7.87,11337087
2024-09-18,7.87,7.87,7.8,7.84,9900619
2024-09-19,7.87,7.87,7.8,7.84,7196089
2024-09-20,7.87,7.95,7.84,7.91,17904717
2024-09-23,7.91,7.95,7.84,7.84,7554762
2024-09-24,7.84,7.91,7.84,7.91,9962200
2024-09-25,7.95,8.03,7.91,7.99,19417085
2024-09-26,7.99,8.25,7.99,8.14,38987110
2024-09-27,8.21,8.52,8.21,8.33,49219781
2024-09-30,8.33,8.4,8.25,8.33,24500823
2024-10-01,8.37,8.48,8.33,8.37,27377011
2024-10-02,8.33,8.33,8.21,8.25,21233400
2024-10-03,8.25,8.56,8.21,8.29,46190516
2024-10-04,8.29,8.33,8.21,8.21,16309215
2024-10-07,8.25,8.33,8.14,8.21,15381789
2024-10-08,8.18,8.25,8.1,8.14,20417757
2024-10-09,8.14,8.21,8.14,8.18,11122280
2024-10-10,8.25,8.29,8.14,8.14,12856877
2024-10-11,8.18,8.21,8.1,8.18,9673340
2024-10-14,8.21,8.25,8.14,8.18,14634092
2024-10-15,8.21,8.29,8.14,8.18,17909551
2024-10-16,8.18,8.21,8.1,8.14,9059358
2024-10-17,8.18,8.21,8.1,8.18,15744411
2024-10-18,8.25,8.29,8.21,8.21,19549881
2024-10-21,8.25,8.25,8.14,8.18,11405365
2024-10-22,8.14,8.18,8.06,8.1,19812978
2024-10-23,8.1,8.14,8.03,8.06,12084871
2024-10-24,8.06,8.14,7.99,7.99,13645956
2024-10-25,7.99,8.03,7.87,7.87,12074969
2024-10-28,7.91,7.95,7.87,7.91,6936509
2024-10-29,7.99,7.99,7.91,7.95,7129372
2024-10-30,7.95,7.99,7.91,7.95,7096702
2024-10-31,7.95,8.1,7.91,8.03,12641337
2024-11-01,8.03,8.06,7.95,7.99,6611607
2024-11-04,7.99,7.99,7.87,7.91,9522220
2024-11-05,7.91,7.99,7.87,7.99,5930928
2024-11-06,8.03,8.06,7.99,8.06,6774713
2024-11-07,8.1,8.14,7.99,8.03,9016712
2024-11-08,8.06,8.06,7.95,7.99,6326756
2024-11-11,7.99,7.99,7.87,7.95,12679159
2024-11-12,7.95,8.03,7.91,7.91,8802689
2024-11-13,7.91,7.95,7.87,7.91,7482373
2024-11-14,7.91,7.95,7.8,7.84,9473487
2024-11-15,7.8,7.84,7.72,7.72,15437560
2024-11-18,7.72,7.8,7.65,7.72,13045854
2024-11-19,7.72,7.76,7.65,7.65,8851763
2024-11-20,7.65,7.8,7.65,7.72,9066739
2024-11-21,7.76,7.76,7.68,7.76,7648310
2024-11-22,7.76,7.8,7.72,7.76,5397601
2024-11-25,7.8,7.8,7.76,7.8,6717691
2024-11-26,7.8,7.87,7.8,7.84,7059965
2024-11-27,7.84,7.87,7.8,7.8,3414333
2024-11-28,7.84,7.84,7.76,7.76,7447243
2024-11-29,7.8,7.8,7.76,7.8,4770298
2024-12-02,7.84,7.84,7.76,7.8,6317129
2024-12-03,7.8,7.84,7.72,7.8,7221924
2024-12-04,7.76,7.8,7.72,7.72,6402710
2024-12-05,7.72,7.95,7.68,7.95,14899394
2024-12-06,7.95,7.95,7.8,7.84,11010152
2024-12-09,7.84,7.87,7.8,7.84,8372539
2024-12-10,7.84,7.91,7.84,7.84,7618947
2024-12-11,7.87,8.14,7.87,8.03,31688164
2024-12-12,8.06,8.1,7.95,7.95,14786677
2024-12-13,7.91,7.99,7.87,7.87,7683820
2024-12-16,7.87,7.91,7.8,7.87,6698012
2024-12-17,7.84,7.87,7.8,7.84,5358500
2024-12-18,7.84,7.87,7.8,7.84,3929513
2024-12-19,7.8,7.84,7.68,7.72,22189793
2024-12-20,7.72,7.76,7.68,7.68,13998940
2024-12-23,7.68,7.8,7.68,7.76,6549038
2024-12-24,7.72,7.8,7.68,7.76,7123224
2024-12-25,7.76,7.91,7.72,7.8,11199957
2024-12-26,7.84,7.87,7.76,7.8,8693157
2024-12-27,7.8,7.87,7.8,7.8,8486149
2024-12-30,7.8,7.84,7.76,7.76,6306341
2024-12-31,7.76,7.8,7.72,7.76,7212402
2025-01-02,7.8,7.84,7.76,7.76,6489598
2025-01-03,7.76,7.8,7.72,7.76,11360771
2025-01-06,7.8,7.91,7.76,7.8,9699372
2025-01-07,7.8,7.84,7.76,7.76,7887043
2025-01-08,7.76,7.8,7.72,7.8,3783055
2025-01-09,7.8,7.84,7.72,7.76,6106373
2025-01-10,7.76,7.8,7.68,7.68,10958092
2025-01-13,7.68,7.72,7.61,7.68,10600838
2025-01-14,7.68,7.72,7.65,7.65,9055809
2025-01-15,7.68,7.72,7.65,7.68,5032681
2025-01-16,7.72,7.8,7.65,7.68,6943881
2025-01-17,7.68,7.76,7.68,7.72,6911108
2025-01-20,7.72,7.76,7.68,7.72,5470853
2025-01-21,7.76,7.8,7.72,7.72,9736173
2025-01-22,7.76,7.76,7.68,7.68,7150836
2025-01-23,7.72,7.84,7.68,7.76,9941038
2025-01-24,7.8,7.84,7.76,7.8,8915089
2025-02-03,7.87,7.99,7.84,7.91,18132912
2025-02-04,7.99,8.03,7.91,7.99,13525191
2025-02-05,8.03,8.06,7.91,7.91,11060633
2025-02-06,7.95,8.03,7.91,7.95,11602481
2025-02-07,7.99,8.06,7.95,7.99,13527522
2025-02-10,7.99,8.03,7.95,7.99,14524814
2025-02-11,7.99,8.25,7.99,8.14,29843561
2025-02-12,8.18,8.18,8.06,8.06,7496651
2025-02-13,8.06,8.14,8.03,8.14,12122791
2025-02-14,8.21,8.29,8.18,8.18,19447069
2025-02-17,8.21,8.4,8.18,8.33,29571759
2025-02-18,8.33,8.37,8.29,8.29,14563216
2025-02-19,8.29,8.37,8.25,8.33,12381717
2025-02-20,8.33,8.4,8.29,8.29,16510749
2025-02-21,8.33,8.4,8.29,8.33,23026866
2025-02-24,8.33,8.48,8.33,8.44,22499653
2025-02-25,8.48,8.48,8.33,8.44,30139442
2025-02-26,8.53,8.61,8.45,8.49,28400819
2025-02-27,8.49,8.53,8.4,8.45,19455654
2025-02-28,8.45,8.45,8.39,8.4,16593570
2025-03-03,8.45,8.45,8.34,8.34,23305321
2025-03-04,8.34,8.4,8.29,8.38,20534442
2025-03-05,8.4,8.49,8.39,8.4,16627255
2025-03-06,8.45,8.45,8.38,8.4,15906656
2025-03-07,8.4,8.49,8.39,8.4,18718879
2025-03-10,8.45,8.49,8.4,8.4,19187059
2025-03-11,8.35,8.4,8.34,8.4,16063385
2025-03-12,8.4,8.45,8.39,8.39,12853810
2025-03-13,8.4,8.4,8.35,8.4,22778655
2025-03-14,8.45,8.99,8.45,8.99,132350595
2025-03-17,9.2,9.58,9.16,9.45,94613477
2025-03-18,9.45,9.83,9.33,9.75,72002123
2025-03-19,9.66,9.92,9.58,9.79,68799966
2025-03-20,9.79,10.0,9.66,9.87,79905445
2025-03-21,9.96,10.13,9.79,9.87,74620761
2025-03-24,9.87,10.51,9.75,10.42,84714383
2025-03-25,10.51,10.59,10.13,10.42,77645976
2025-03-26,10.42,10.46,10.21,10.3,43774223
2025-03-27,10.3,10.72,10.3,10.67,65776537
2025-03-28,10.76,10.76,10.51,10.67,32399182
2025-03-31,10.59,10.59,10.25,10.46,56657264
2025-04-01,10.46,10.51,10.21,10.46,36201795
2025-04-02,10.51,10.67,10.42,10.55,47067505
2025-04-03,10.09,10.25,9.83,9.83,74346696
2025-04-04,9.2,10.13,9.16,10.13,138082581
2025-04-08,9.87,9.87,9.45,9.45,68979431
2025-04-09,8.91,9.62,8.91,9.2,63008251
2025-04-10,9.83,9.83,9.83,9.83,18932429
2025-04-11,10.0,10.21,9.66,10.21,103462581
2025-04-14,10.21,10.25,10.04,10.21,47330125
2025-04-15,10.13,10.17,9.83,10.0,58413523
2025-04-16,10.0,10.17,9.87,10.09,44592947
2025-04-17,9.96,10.21,9.92,10.13,45605705
2025-04-18,10.21,10.8,10.21,10.8,156366670
2025-04-21,11.01,11.14,10.8,11.09,82500952
2025-04-22,10.97,11.22,10.34,11.09,222754011
2025-04-23,11.26,11.26,10.76,10.93,101283740
2025-04-24,10.84,10.93,10.55,10.84,87276372
2025-04-25,10.84,10.88,10.55,10.76,71764601
2025-04-28,10.76,10.76,10.42,10.67,54260634
2025-04-29,10.67,10.88,10.46,10.59,53441204
2025-05-05,10.72,10.72,10.38,10.67,59637088
2025-05-06,10.67,10.8,10.51,10.51,54147001
2025-05-07,10.46,10.59,10.38,10.59,55838777
2025-05-08,10.67,11.01,10.51,10.84,89282544
2025-05-09,10.67,10.93,10.63,10.84,70399767
2025-05-12,10.84,11.05,10.72,11.05,84758742
2025-05-13,11.09,11.22,10.93,11.01,75283531
2025-05-14,10.93,11.01,10.84,10.93,52934348
2025-05-15,10.88,11.68,10.8,11.51,167986019
2025-05-16,11.35,11.47,11.22,11.3,47505583
2025-05-19,11.22,11.3,11.09,11.22,59690986
2025-05-20,11.26,11.43,11.14,11.22,90906204
2025-05-21,11.26,11.43,11.09,11.35,78365403
2025-05-22,11.35,11.43,11.14,11.3,76328952
2025-05-23,11.35,11.35,11.18,11.35,44779116
2025-05-26,11.35,11.64,11.18,11.43,91627411
2025-05-27,11.43,11.81,11.26,11.6,104847191
2025-05-28,11.6,11.6,11.39,11.6,52657938
2025-05-29,11.51,11.89,11.43,11.43,76840422
2025-05-30,11.43,11.51,11.18,11.39,87218780
2025-06-02,11.26,11.51,11.22,11.51,56204284
2025-06-03,11.51,11.81,11.43,11.68,95252997
2025-06-04,11.68,11.85,11.6,11.6,53783817
2025-06-05,11.56,11.6,11.47,11.51,33536456
2025-06-06,11.51,11.6,11.39,11.51,42675455
2025-06-09,11.51,11.56,11.25,11.38,50901949
2025-06-10,11.34,11.51,11.3,11.47,53445921
2025-06-11,11.47,11.64,11.34,11.6,49404470
2025-06-12,11.56,11.91,11.47,11.6,115577661
2025-06-13,11.47,11.47,11.16,11.25,66960077
2025-06-16,11.25,11.43,11.21,11.43,36552445
2025-06-17,11.43,11.51,11.38,11.51,38612918
2025-06-18,11.47,11.51,11.38,11.47,49670768
2025-06-19,11.43,11.64,11.34,11.34,51355297
2025-06-20,11.34,11.43,11.3,11.43,59512888
2025-06-23,11.34,11.38,11.25,11.34,42296202
2025-06-24,11.38,11.43,11.3,11.34,38115890
2025-06-25,11.34,11.38,11.21,11.38,64585008
2025-06-26,11.38,11.43,11.25,11.43,42895944
2025-06-27,11.43,11.6,11.25,11.3,88871822
2025-06-30,11.3,11.34,11.25,11.25,32604222
2025-07-01,11.25,11.3,11.12,11.21,47376455
2025-07-02,11.21,11.34,11.16,11.3,38448666
2025-07-03,11.3,11.43,11.21,11.34,52341847
2025-07-04,11.3,11.38,11.25,11.34,28624433
2025-07-07,11.34,12.12,11.34,12.12,249760712
2025-07-08,12.3,12.47,12.17,12.34,62964667
2025-07-09,12.39,12.56,12.17,12.21,111644010
2025-07-10,12.26,12.56,12.17,12.52,77650274
2025-07-11,12.56,12.56,12.3,12.39,68534521
2025-07-14,12.43,12.47,12.17,12.34,45632150
2025-07-15,12.34,12.65,12.3,12.3,77831855
2025-07-16,12.3,12.52,12.26,12.43,51802137
2025-07-17,12.47,12.6,12.34,12.47,66973157
2025-07-18,12.52,12.65,12.3,12.39,78363819
2025-07-21,12.47,12.87,12.43,12.73,101979374
2025-07-22,12.73,12.78,12.56,12.73,63433858
2025-07-23,12.82,13.0,12.65,12.78,80160178
2025-07-24,12.78,13.48,12.73,13.13,93454640
2025-07-25,13.26,13.3,13.08,13.13,59233214
2025-07-28,13.21,14.04,13.21,14.04,137798435
2025-07-29,14.39,14.52,13.13,13.13,152922795
2025-07-30,13.83,14.04,13.43,14.04,142581555
2025-07-31,14.96,15.0,14.48,15.0,181370556
2025-08-01,15.26,15.4,14.87,15.18,120308601
2025-08-04,15.18,16.22,15.18,16.22,91178768
2025-08-05,17.1,17.18,15.26,16.01,176294404
2025-08-06,16.22,16.66,16.01,16.35,92319075
2025-08-07,16.57,16.92,16.09,16.44,92427706
2025-08-08,16.57,16.88,16.14,16.27,94683037
2025-08-11,16.4,16.92,16.22,16.66,114020053
2025-08-12,16.83,16.83,16.4,16.49,66123028
2025-08-13,16.62,17.1,16.49,16.88,115059231
2025-08-14,17.05,18.01,17.01,17.79,119318991
2025-08-15,18.23,18.75,17.62,18.19,120218792
2025-08-18,19.02,19.17,18.53,18.58,103964742
2025-08-19,18.23,18.82,18.14,18.23,134142618
2025-08-20,18.14,18.23,17.25,18.04,162635197
2025-08-21,18.14,18.58,18.04,18.23,85314179
2025-08-22,18.04,18.23,17.0,17.0,166330794
2025-08-25,17.2,17.25,16.02,16.07,113260116
2025-08-26,15.97,17.15,15.97,17.15,86379641
2025-08-27,17.54,17.84,17.3,17.4,103845244
2025-08-28,17.45,18.28,17.2,18.14,152877171
2025-08-29,18.38,18.53,17.79,18.53,124693458
2025-09-03,18.68,18.82,18.23,18.78,95699368
2025-09-04,18.82,18.92,18.53,18.58,89172855
2025-09-05,18.78,18.82,17.64,17.74,132009844
2025-09-08,17.54,17.69,16.95,17.0,124581359
2025-09-09,17.05,17.45,16.95,17.35,70110485
2025-09-10,17.45,17.54,17.1,17.54,52474554
2025-09-11,17.35,17.54,16.9,17.54,88745071
2025-09-12,17.59,17.59,17.2,17.3,51685254
2025-09-15,17.3,17.69,17.05,17.54,93205163
2025-09-16,17.54,17.99,17.49,17.94,87222536
2025-09-17,17.74,17.89,17.59,17.79,64736872
2025-09-18,17.74,17.94,17.4,17.59,59528320
2025-09-19,17.59,17.69,17.35,17.49,82735188
2025-09-22,17.49,17.49,16.9,17.15,78622862
2025-09-23,17.05,17.3,16.71,16.76,142530305
2025-09-24,16.85,17.25,16.11,17.1,191842079
2025-09-25,17.1,17.2,16.66,17.1,62011922
2025-09-26,17.05,17.1,16.66,16.95,66879355
2025-09-29,16.8,17.25,16.56,16.56,78625830
2025-09-30,16.61,16.76,16.16,16.66,102685049
2025-10-01,16.66,16.85,16.51,16.71,47517552
2025-10-02,16.76,16.9,16.46,16.76,63692094
2025-10-03,16.66,16.8,16.46,16.46,64659653
2025-10-06,16.51,17.25,16.46,17.15,114802644
2025-10-07,17.2,17.2,16.8,17.0,85738301
2025-10-08,17.2,17.3,16.85,17.05,92593381
2025-10-09,17.1,18.18,17.05,17.64,189889799
2025-10-10,17.69,17.89,17.49,17.74,77981463
2025-10-13,17.45,17.94,17.4,17.84,119009704
2025-10-14,17.84,17.99,17.45,17.74,124458261
2025-10-15,17.69,18.18,17.64,17.94,135414714
2025-10-16,18.09,18.14,17.69,17.89,89628370
2025-10-17,17.89,17.99,17.49,17.84,116008623
2025-10-20,17.64,17.74,16.61,16.61,157107927
2025-10-21,16.61,17.0,15.87,16.76,144451854
2025-10-22,16.76,16.76,16.16,16.41,81529750
2025-10-23,16.41,16.76,16.36,16.46,80063511
2025-10-24,16.46,16.46,15.87,16.07,83867903
2025-10-27,16.16,16.21,15.77,15.92,95600363
2025-10-28,15.97,16.11,15.67,16.11,67573734
2025-10-29,16.07,16.8,16.02,16.56,117873889
2025-10-30,16.56,16.71,16.31,16.66,71866011
2025-10-31,16.61,16.61,16.21,16.21,47428500
2025-11-03,16.11,16.16,15.72,15.72,71761170
2025-11-04,15.67,16.16,15.13,16.07,96540933
2025-11-05,16.07,16.11,15.87,15.97,39420269
2025-11-06,15.82,16.02,15.62,15.62,54497212
2025-11-07,15.52,15.62,14.98,15.08,84816954
2025-11-10,15.03,15.38,14.88,15.08,48887116
2025-11-11,15.18,15.57,14.93,15.57,67733558
2025-11-12,15.57,16.07,15.33,16.07,83532274
2025-11-13,16.07,16.11,15.82,16.11,56727937
2025-11-14,15.97,16.11,15.87,16.11,62847455
2025-11-17,16.02,16.36,15.87,16.36,65291838
2025-11-18,16.26,16.36,16.07,16.26,44028187
2025-11-19,16.21,16.36,16.11,16.21,59479245
2025-11-20,16.16,16.41,16.02,16.41,83387696
2025-11-21,16.26,16.41,16.11,16.41,58421772
2025-11-24,16.31,16.46,16.21,16.31,50496892
2025-11-25,16.31,16.46,16.11,16.16,77678004
2025-11-26,16.11,16.51,16.11,16.46,87230706
2025-11-27,16.41,16.66,16.36,16.51,49422014
2025-11-28,16.46,16.56,16.36,16.56,56629796
2025-12-01,16.51,16.8,16.46,16.76,57744705
2025-12-02,16.66,16.76,16.56,16.76,63722491
2025-12-03,16.66,17.1,16.66,17.1,81830754
2025-12-04,17.05,17.15,16.95,17.05,48238163
2025-12-05,17.0,17.1,16.51,16.51,58189373
2025-12-08,16.51,16.61,16.31,16.36,55458580
2025-12-09,16.31,16.36,15.87,16.26,88548485
2025-12-10,16.26,16.26,16.02,16.21,38903578
2025-12-11,16.16,16.21,15.87,16.11,55366696
2025-12-12,16.02,16.07,15.77,15.77,65603818
2025-12-15,15.77,15.87,15.42,15.67,49083553
2025-12-16,15.57,16.11,15.42,15.67,56779997
2025-12-17,15.72,15.77,15.47,15.47,48853098
2025-12-18,15.62,16.02,15.42,15.87,72308882
2025-12-19,15.97,15.97,15.67,15.92,47552908
2025-12-22,15.97,16.26,15.87,16.07,66450637
2025-12-23,16.11,16.21,15.92,16.07,59847224
2025-12-24,16.07,16.9,16.07,16.66,112706610
2025-12-25,16.66,16.76,16.26,16.26,56929647
2025-12-26,16.11,16.26,15.67,16.11,108150849
2025-12-29,16.11,16.11,15.97,15.97,44782977
2025-12-30,15.92,16.16,15.92,16.11,65889655
2025-12-31,16.11,16.16,15.97,16.11,52652927
2026-01-05,16.07,16.16,15.67,15.87,64361226
2026-01-06,15.77,15.97,15.57,15.97,77522009
2026-01-07,16.02,16.31,15.97,16.26,81160384
2026-01-08,16.31,16.8,16.16,16.36,135999658
2026-01-09,16.46,16.56,16.26,16.26,68503626
2026-01-12,16.21,16.95,16.16,16.76,107673549
2026-01-13,16.95,16.95,16.41,16.46,88860898
2026-01-14,16.46,16.61,16.31,16.46,81623437
2026-01-15,16.41,16.46,16.02,16.26,83256265
2026-01-16,16.36,16.56,16.11,16.11,58831731
2026-01-19,16.16,16.41,16.07,16.26,59610821
2026-01-20,16.31,16.46,16.11,16.31,54135423
2026-01-21,16.16,16.26,16.02,16.21,65862456
2026-01-22,16.21,16.31,16.07,16.07,58922561
2026-01-23,16.11,16.16,16.02,16.07,49035981
2026-01-26,16.02,16.11,15.42,15.52,75406620
2026-01-27,15.57,15.82,15.42,15.82,51922720
2026-01-28,15.72,15.82,15.57,15.77,42901618
2026-01-29,15.67,15.77,15.57,15.72,41949677
2026-01-30,15.67,15.97,15.57,15.77,53365996
2026-02-02,15.77,15.82,15.47,15.52,49902369
2026-02-03,15.67,15.72,15.47,15.57,53275454
2026-02-04,15.57,15.67,15.42,15.57,47064619
2026-02-05,15.57,15.62,15.42,15.42,46324391
2026-02-06,15.33,15.62,15.13,15.13,62831575
2026-02-09,15.23,15.23,14.83,15.03,53821243
2026-02-10,14.98,15.18,14.73,15.03,45436018
2026-02-11,15.03,15.47,14.93,15.28,59307007
2026-02-12,15.28,15.42,15.03,15.13,37476765
2026-02-13,15.13,15.23,15.03,15.23,37771024
2026-02-23,15.33,15.57,15.18,15.57,54615823
2026-02-24,15.52,15.62,15.33,15.33,49651398
2026-02-25,15.38,15.97,15.28,15.97,106162351
2026-02-26,16.07,16.07,15.77,15.92,45229102
2026-02-27,15.92,15.92,15.62,15.72,38842924
2026-03-02,15.08,15.62,14.98,15.42,88156138
2026-03-03,15.42,15.47,15.13,15.28,53217693
2026-03-04,15.23,15.33,14.78,15.28,87586491
2026-03-05,15.42,15.47,14.93,15.03,67288206
2026-03-06,14.98,15.38,14.73,15.18,73897971
2026-03-09,14.34,14.69,14.14,14.14,123456066
2026-03-10,14.34,14.54,13.95,14.29,79979800
2026-03-11,14.34,14.64,14.19,14.54,52171165
2026-03-12,14.39,14.88,14.24,14.73,83319228
2026-03-13,14.44,14.73,14.39,14.73,57530008
2026-03-16,14.64,15.08,14.49,14.98,84215221
2026-03-17,15.03,15.08,14.83,14.83,48633060
2026-03-18,14.83,14.98,14.69,14.88,46256550
2026-03-19,14.73,14.93,14.54,14.78,65443991
2026-03-20,14.69,14.88,14.59,14.69,35699119
2026-03-23,14.54,14.59,14.09,14.19,85683358
2026-03-24,14.49,14.54,14.19,14.24,34941733
2026-03-25,14.39,14.78,14.29,14.78,76557119
2026-03-26,14.73,15.03,14.54,14.93,67885258
2026-03-27,14.93,15.23,14.83,15.18,69863862
2026-03-30,14.98,15.23,14.78,15.23,85575281
2026-03-31,15.08,15.33,15.03,15.33,96462509
2026-04-01,15.38,15.42,14.98,14.98,79872678
2026-04-02,14.93,14.93,14.54,14.64,110154504
2026-04-03,14.85,14.9,14.4,14.9,52392092
2026-04-06,14.8,14.8,14.5,14.5,35906688
2026-04-07,14.7,14.7,14.45,14.7,51834522
2026-04-08,15.0,15.35,14.85,15.3,80552213
2026-04-09,15.2,15.5,15.05,15.5,85713973
2026-04-10,15.55,15.55,15.2,15.4,105630991
2026-04-13,15.2,15.25,14.95,15.0,115222406
2026-04-14,15.1,15.15,14.8,15.1,98783574
2026-04-15,15.1,15.4,14.95,15.4,71799837
2026-04-16,15.15,15.55,15.1,15.55,137811200
2026-04-17,15.4,15.5,15.25,15.3,65583800
2026-04-20,15.2,15.3,15.15,15.3,47390400
2026-04-21,15.3,15.4,15.15,15.15,48986600
2026-04-22,15.15,15.25,15.05,15.2,47506900
2026-04-23,15.15,15.2,14.8,14.8,97117400
2026-04-24,14.8,14.85,14.6,14.75,44854800
2026-04-28,14.75,14.75,14.45,14.45,51564900
2026-04-29,14.55,14.6,14.35,14.55,41650500
2026-05-04,14.65,14.65,14.35,14.35,62363300
2026-05-05,14.4,14.4,14.0,14.0,79172900
2026-05-06,14.1,14.2,14.0,14.1,38754800
2026-05-07,14.25,14.3,14.05,14.1,40214900
2026-05-08,14.1,14.25,14.0,14.25,65804100
2026-05-11,14.25,14.25,14.0,14.15,39403900
2026-05-12,14.1,14.15,13.95,14.0,45001700
2026-05-13,14.05,14.05,13.9,14.0,39752300
2026-05-14,14.0,14.1,13.9,14.0,38039000
2026-05-15,14.0,14.05,13.9,13.9,39435600
2026-05-18,13.85,13.9,13.7,13.8,44049800
2026-05-19,13.8,13.9,13.6,13.65,46256500
2026-05-20,13.65,13.65,13.1,13.55,105588900
2026-05-21,13.6,13.6,13.35,13.6,37560900
2026-05-22,13.5,13.55,13.35,13.55,41369900
2026-05-25,13.45,13.75,13.45,13.7,47404600
2026-05-26,13.7,13.9,13.6,13.8,47154600
2026-05-27,13.75,14.05,13.65,14.0,65737500
2026-05-28,14.0,14.05,13.7,13.8,50474100
2026-05-29,13.75,13.8,13.65,13.8,47509600
